區域,季別,成交日,編號,路段,建案名稱,棟及號,門牌,樓層,坪數,總價萬,單價萬每坪
光埔重劃區,113S3,2024-05-16,RPQNMLOKOHJGFAO98DB,光復路二段,豐溢‧風藝,A1棟7號,新竹市新竹市光復路二段,七層/15,38.5,1750,50.6
光埔重劃區,113S3,2024-05-18,RPPNMLOKOHJGFAO88DB,光復路二段,豐溢‧風藝,A2棟11號,新竹市新竹市光復路二段,十一層/15,38.1,1788,52.4
光埔重劃區,113S3,2024-05-20,RPRNMLNKOHJGFAO98DB,光復路二段,豐溢‧風藝,A1棟8號,新竹市新竹市光復路二段,八層/15,32.0,1520,47.5
光埔重劃區,113S3,2024-05-21,RPRNMLKMNHJGFAO68CB,埔頂一路,金弘天希,A2棟09F號,新竹市新竹市埔頂一路,九層/15,58.8,3570,68.4
光埔重劃區,113S3,2024-05-24,RPPNMLKMNHJGFAO48CB,埔頂一路,金弘天希,A1棟04F號,新竹市新竹市埔頂一路,四層/15,59.0,3490,66.7
光埔重劃區,113S3,2024-05-24,RPQNMLKMNHJGFAO58CB,埔頂一路,金弘天希,A1棟05F號,新竹市新竹市埔頂一路,五層/15,59.0,3527,66.9
光埔重劃區,113S3,2024-05-28,RPSNMLPJOHJGFAO09CB,埔頂路,A TEAM,F棟6號,新竹市新竹市埔頂路,六層/11,138.4,4338,
光埔重劃區,113S3,2024-05-31,RPPNMLRLOHJGFAO66DB,光復路二段,豐溢‧風藝,A1棟10號,新竹市新竹市光復路二段,十層/15,32.0,1655,51.7
光埔重劃區,113S3,2024-06-06,RPQNMLRLOHJGFAO76DB,光復路二段,豐溢‧風藝,A2棟6號,新竹市新竹市光復路二段,六層/15,31.6,1628,51.5
光埔重劃區,113S3,2024-06-11,RPPNMLKLOHJGFAO48CB,埔頂一路,金弘天希,A1棟13F號,新竹市新竹市埔頂一路,十三層/15,64.5,3890,70.2
光埔重劃區,113S3,2024-06-15,RPQNMLKLOHJGFAO58CB,埔頂一路,金弘天希,A2棟13F號,新竹市新竹市埔頂一路,十三層/15,68.8,3945,70.9
光埔重劃區,113S3,2024-06-15,RPRNMLKLOHJGFAO68CB,埔頂一路,金弘天希,A2棟11F號,新竹市新竹市埔頂一路,十一層/15,61.9,3698,70.1
光埔重劃區,113S3,2024-06-17,RPRNMLRLOHJGFAO86DB,光復路二段,豐溢‧風藝,A1棟14號,新竹市新竹市光復路二段,十四層/15,38.5,1820,52.8
光埔重劃區,113S3,2024-06-20,RPQNMLSKPHJGFAO86DB,光復路二段,豐溢‧風藝,A2棟8號,新竹市新竹市光復路二段,八層/15,31.6,1586,50.2
光埔重劃區,113S3,2024-06-22,RPVQMLRLOHJGFAO47CB,埔頂一路,金弘天希,A1棟6F號,新竹市新竹市埔頂一路,六層/15,59.4,3580,68.3
光埔重劃區,113S3,2024-06-22,RPWQMLRLOHJGFAO57CB,埔頂一路,金弘天希,A1棟11F號,新竹市新竹市埔頂一路,十一層/15,59.0,3630,69.6
光埔重劃區,113S3,2024-06-22,RPPQMLPKPHJGFAO66CB,埔頂一路,金弘天希,B2棟8F號,新竹市新竹市埔頂一路,八層/15,57.5,3538,69.9
光埔重劃區,113S3,2024-07-13,RPQNMLTKPHJGFAO86CB,埔頂一路,金弘天希,B2棟11F號,新竹市新竹市埔頂一路,十一層/15,57.6,3830,75.1
光埔重劃區,113S3,2024-07-13,RPRNMLTKPHJGFAO96CB,埔頂一路,金弘天希,A1棟12F號,新竹市新竹市埔頂一路,十二層/15,62.2,3923,74.1
光埔重劃區,113S3,2024-07-20,RPSNMLQLPHJGFAO86CB,埔頂一路,金弘天希,B2棟13F號,新竹市新竹市埔頂一路,十三層/15,57.9,3855,75.5
光埔重劃區,113S3,2024-08-02,RPPNMLQLQHJGFAO76DB,光復路二段,豐溢‧風藝,A5棟4號,新竹市新竹市光復路二段,四層/15,32.4,1660,51.2
光埔重劃區,113S4,2024-08-20,RPPNMLRLQHJGFAO86DB,光復路二段,豐溢‧風藝,A3棟8號,新竹市新竹市光復路二段,八層/15,21.2,1140,53.9
光埔重劃區,113S4,2024-08-22,RPPNMLKKRHJGFAO78DB,光復路二段,豐溢‧風藝,A2棟10號,新竹市新竹市光復路二段,十層/15,31.6,1630,51.5
光埔重劃區,113S4,2024-08-26,RPPNMLNKRHJGFAO98CB,埔頂一路,金弘天希,A1棟9F號,新竹市新竹市埔頂一路,九層/15,61.7,3998,75.6
光埔重劃區,114S1,2024-11-23,RPQNMLNJKIJGFAO48DB,光復路二段,豐溢‧風藝,A2棟7號,新竹市新竹市光復路二段,七層/15,31.6,1598,50.5
光埔重劃區,114S3,2025-07-30,RPPNMLKLQHKGFAO88DB,光復路二段,豐溢‧風藝,A1棟13號,新竹市新竹市光復路二段,十三層/15,38.5,1754,50.7
光埔重劃區,115S1,2025-11-19,RPUPMLNLKIKGFAO66CB,埔頂一路,金弘天希,A1棟2F號,新竹市新竹市埔頂一路,二層/15,59.0,3500,66.9
光埔重劃區,115S1,2026-01-01,RPQNMLTLJHLGFAO56CB,光復路一段,竹慶?見,C棟10F號,新竹市新竹市光復路一段476巷,十層/15,47.1,3288,84.0
光埔重劃區,115S1,2026-01-02,RPPNMLTLJHLGFAO09CB,光復路一段,竹慶?見,B棟7F號,新竹市新竹市光復路一段476巷,七層/15,38.0,2573,85.2
光埔重劃區,115S1,2026-01-04,RPRNMLTLJHLGFAO66CB,光復路一段,竹慶?見,A棟8F號,新竹市新竹市光復路一段476巷,八層/15,47.1,3283,83.4
光埔重劃區,115S1,2026-01-04,RPOOMLTLJHLGFAO09CB,光復路一段,竹慶?見,E棟6F號,新竹市新竹市光復路一段476巷,六層/15,37.3,2343,82.5
光埔重劃區,115S1,2026-01-05,RPTNMLTLJHLGFAO86CB,光復路一段,竹慶?見,B棟4F號,新竹市新竹市光復路一段476巷,四層/15,39.0,2468,82.2
光埔重劃區,115S1,2026-01-05,RPWNMLTLJHLGFAO17CB,光復路一段,竹慶?見,D棟14F號,新竹市新竹市光復路一段476巷,十四層/15,47.4,2738,84.4
光埔重劃區,115S1,2026-01-10,RPPOMLTLJHLGFAO56CB,光復路一段,竹慶?見,E棟4F號,新竹市新竹市光復路一段476巷,四層/15,37.3,2228,78.1
光埔重劃區,115S1,2026-01-10,RPSNMLMJKHLGFAO58CB,埔頂一路,高豐匯,1F-A號,新竹市新竹市埔頂一路161巷,一層/10,82.5,5600,73.5
光埔重劃區,115S1,2026-01-11,RPUNMLTLJHLGFAO96CB,光復路一段,竹慶?見,B棟5F號,新竹市新竹市光復路一段476巷,五層/15,38.0,2523,83.3
光埔重劃區,115S1,2026-01-11,RPQOMLTLJHLGFAO66CB,光復路一段,竹慶?見,E棟14F號,新竹市新竹市光復路一段476巷,十四層/15,36.3,2428,84.4
光埔重劃區,115S1,2026-01-15,RPVNMLTLJHLGFAO07CB,光復路一段,竹慶?見,B棟8F號,新竹市新竹市光復路一段476巷,八層/15,38.0,2578,85.9
光埔重劃區,115S1,2026-01-17,RPSNMLTLJHLGFAO76CB,光復路一段,竹慶?見,A棟15F號,新竹市新竹市光復路一段476巷,十五層/15,58.3,3628,84.6
光埔重劃區,115S1,2026-01-18,RPXNMLTLJHLGFAO27CB,光復路一段,竹慶?見,C棟4F號,新竹市新竹市光復路一段476巷,四層/15,58.3,3468,80.7
光埔重劃區,115S1,2026-01-22,RPTNMLMJKHLGFAO68CB,新竹市埔頂一路,高豐匯,10F-A號,新竹市新竹市新竹市新竹市埔頂一路161巷,十層/10,33.3,2430,73.0
光埔重劃區,115S1,2026-01-23,RPSOMLTLJHLGFAO86CB,光復路一段,竹慶?見,A棟14F號,新竹市新竹市光復路一段476巷,十四層/15,58.3,3598,84.6
光埔重劃區,115S1,2026-01-23,RPPNMLKMJHLGFAO28CB,光復路一段,竹慶?見,C棟12F號,新竹市新竹市光復路一段476巷,十二層/15,47.1,3308,83.4
光埔重劃區,115S1,2026-01-24,RPROMLTLJHLGFAO76CB,光復路一段,竹慶?見,C棟15F號,新竹市新竹市光復路一段476巷,十五層/15,58.3,3608,84.6
光埔重劃區,115S1,2026-01-25,RPTOMLTLJHLGFAO96CB,光復路一段,竹慶?見,D棟4F號,新竹市新竹市光復路一段476巷,四層/15,37.3,2268,78.1
光埔重劃區,115S1,2026-02-07,RPPNMLOJLHLGFAO58CB,光復路一段,竹慶?見,C棟5F號,新竹市新竹市光復路一段476巷,五層/15,47.1,3198,81.5
光埔重劃區,115S2,2026-02-23,RPUNMLKKLHLGFAO78CB,埔頂一路,高豐匯,1F-B號,新竹市新竹市埔頂一路161巷,一層/10,94.5,7000,82.2
光埔重劃區,115S2,2026-03-08,RPQNMLKMLHLGFAO58CB,光復路一段,竹慶?見,C棟7F號,新竹市新竹市光復路一段476巷,七層/15,58.3,3618,82.9
光埔重劃區,115S2,2026-03-09,RPPNMLKMLHLGFAO48CB,光復路一段,竹慶?見,A棟6F號,新竹市新竹市光復路一段476巷,六層/15,58.3,3478,81.8
光埔重劃區,115S2,2026-03-13,RPSNMLKMLHLGFAO78CB,光復路一段,創薪匠之瑛,D棟6號,新竹市新竹市光復路一段403巷,六層/7,29.5,2070,74.0
光埔重劃區,115S2,2026-03-17,RPTNMLKMLHLGFAO88CB,光復路一段,創薪匠之瑛,B棟5號,新竹市新竹市光復路一段403巷,五層/7,21.2,1462,76.5
光埔重劃區,115S2,2026-03-21,RPRNMLKMLHLGFAO68CB,光復路一段,竹慶?見,C棟14F號,新竹市新竹市光復路一段476巷,十四層/15,58.3,3578,84.6
光埔重劃區,115S2,2026-03-30,RPTNMLLJMHLGFAO78CB,埔頂路,鉑翡,A棟3F號,新竹市新竹市埔頂路,三層/14,36.3,2085,71.1
光埔重劃區,115S2,2026-03-30,RPTNMLRJMHLGFAO76CB,埔頂路,鉑翡,K棟9F號,新竹市新竹市埔頂路,九層/14,38.5,2635,82.9
光埔重劃區,115S2,2026-03-30,RPUNMLRJMHLGFAO86CB,埔頂路,鉑翡,K棟10F號,新竹市新竹市埔頂路,十層/14,38.5,2649,83.4
光埔重劃區,115S2,2026-03-30,RPVNMLRJMHLGFAO96CB,埔頂路,鉑翡,J棟6F號,新竹市新竹市埔頂路,六層/14,39.0,2615,81.4
光埔重劃區,115S2,2026-03-30,RPWNMLRJMHLGFAO07CB,埔頂路,鉑翡,L棟9F號,新竹市新竹市埔頂路,九層/14,36.3,2115,71.4
光埔重劃區,115S2,2026-03-30,RPXNMLRJMHLGFAO17CB,埔頂路,鉑翡,J棟4F號,新竹市新竹市埔頂路,四層/14,38.7,2449,78.4
光埔重劃區,115S2,2026-03-30,RPOOMLRJMHLGFAO98CB,埔頂路,鉑翡,K棟8F號,新竹市新竹市埔頂路,八層/14,38.5,2591,82.4
光埔重劃區,115S2,2026-03-31,RPPOMLRJMHLGFAO09CB,埔頂路,鉑翡,K棟11F號,新竹市新竹市埔頂路,十一層/14,38.5,2606,82.2
光埔重劃區,115S2,2026-03-31,RPQOMLRJMHLGFAO56CB,埔頂路,鉑翡,J棟11F號,新竹市新竹市埔頂路,十一層/14,49.6,2938,82.2
光埔重劃區,115S2,2026-03-31,RPROMLRJMHLGFAO66CB,埔頂路,鉑翡,K棟6F號,新竹市新竹市埔頂路,六層/14,38.5,2578,81.4
光埔重劃區,115S2,2026-03-31,RPPNMLQKMHLGFAO98CB,光復路一段,創薪匠之瑛,A棟2號,新竹市新竹市光復路一段403巷,二層/7,25.4,1962,77.1
光埔重劃區,115S2,2026-03-31,RPQNMLQKMHLGFAO09CB,光復路一段,創薪匠之瑛,A棟5號,新竹市新竹市光復路一段403巷,五層/7,25.4,2019,79.4
光埔重劃區,115S2,2026-04-01,RPSOMLRJMHLGFAO76CB,埔頂路,鉑翡,L棟5F號,新竹市新竹市埔頂路,五層/14,36.7,2097,70.9
光埔重劃區,115S2,2026-04-01,RPTOMLRJMHLGFAO86CB,埔頂路,鉑翡,M棟4F號,新竹市新竹市埔頂路,四層/14,36.6,2136,71.9
光埔重劃區,115S2,2026-04-03,RPPNMLTJMHLGFAO56CB,埔頂路,鉑翡,J棟13F號,新竹市新竹市埔頂路,十三層/14,39.0,2641,83.2
光埔重劃區,115S2,2026-04-03,RPQNMLTJMHLGFAO66CB,埔頂路,鉑翡,I棟5F號,新竹市新竹市埔頂路,五層/14,36.9,2414,81.2
光埔重劃區,115S2,2026-04-03,RPRNMLTJMHLGFAO76CB,埔頂路,鉑翡,K棟5F號,新竹市新竹市埔頂路,五層/14,38.5,2549,80.9
光埔重劃區,115S2,2026-04-03,RPSNMLTJMHLGFAO86CB,埔頂路,鉑翡,J棟5F號,新竹市新竹市埔頂路,五層/14,39.0,2621,80.9
光埔重劃區,115S2,2026-04-03,RPTNMLTJMHLGFAO96CB,埔頂路,鉑翡,L棟6F號,新竹市新竹市埔頂路,六層/14,36.7,2080,71.4
光埔重劃區,115S2,2026-04-03,RPUNMLTJMHLGFAO07CB,埔頂路,鉑翡,L棟7F號,新竹市新竹市埔頂路,七層/14,36.3,2108,71.9
光埔重劃區,115S2,2026-04-03,RPVNMLTJMHLGFAO17CB,埔頂路,鉑翡,B棟2F號,新竹市新竹市埔頂路,二層/14,36.7,2183,73.1
光埔重劃區,115S2,2026-04-04,RPWNMLTJMHLGFAO27CB,埔頂路,鉑翡,D棟10F號,新竹市新竹市埔頂路,十層/14,38.7,2636,82.4
光埔重劃區,115S2,2026-04-04,RPPOMLTJMHLGFAO66CB,埔頂路,鉑翡,B棟13F號,新竹市新竹市埔頂路,十三層/14,37.1,2326,79.1
光埔重劃區,115S2,2026-04-04,RPQOMLTJMHLGFAO76CB,埔頂路,鉑翡,J棟12F號,新竹市新竹市埔頂路,十二層/14,39.0,2657,82.7
光埔重劃區,115S2,2026-04-04,RPSOMLTJMHLGFAO96CB,埔頂路,鉑翡,L棟8F號,新竹市新竹市埔頂路,八層/14,36.7,2106,72.4
光埔重劃區,115S2,2026-04-04,RPTOMLTJMHLGFAO07CB,埔頂路,鉑翡,E棟6F號,新竹市新竹市埔頂路,六層/14,37.2,2350,77.3
光埔重劃區,115S2,2026-04-05,RPROMLTJMHLGFAO86CB,埔頂路,鉑翡,H棟13F號,新竹市新竹市埔頂路,十三層/14,37.2,2448,81.0
光埔重劃區,115S2,2026-04-05,RPUOMLTJMHLGFAO17CB,埔頂路,鉑翡,L棟10F號,新竹市新竹市埔頂路,十層/14,36.7,2147,73.4
光埔重劃區,115S2,2026-04-05,RPVOMLTJMHLGFAO27CB,埔頂路,鉑翡,L棟11F號,新竹市新竹市埔頂路,十一層/14,36.3,2136,72.2
光埔重劃區,115S2,2026-04-07,RPWOMLTJMHLGFAO37CB,埔頂路,鉑翡,L棟4F號,新竹市新竹市埔頂路,四層/14,36.7,2086,69.9
光埔重劃區,115S2,2026-04-09,RPRNMLOKMHLGFAO98CB,埔頂路,鉑翡,L棟3F號,新竹市新竹市埔頂路,三層/14,36.7,2071,69.9
光埔重劃區,115S2,2026-04-09,RPSNMLOKMHLGFAO09CB,埔頂路,鉑翡,L棟14F號,新竹市新竹市埔頂路,十四層/14,36.7,2164,72.7
光埔重劃區,115S2,2026-04-09,RPTNMLOKMHLGFAO56CB,埔頂路,鉑翡,K棟13F號,新竹市新竹市埔頂路,十三層/14,38.9,2599,83.2
光埔重劃區,115S2,2026-04-10,RPUNMLOKMHLGFAO66CB,埔頂路,鉑翡,E棟8F號,新竹市新竹市埔頂路,八層/14,37.2,2316,78.3
光埔重劃區,115S2,2026-04-10,RPVNMLOKMHLGFAO76CB,埔頂路,鉑翡,D棟6F號,新竹市新竹市埔頂路,六層/14,38.7,2550,80.4
光埔重劃區,115S2,2026-04-10,RPWNMLOKMHLGFAO86CB,埔頂路,鉑翡,J棟7F號,新竹市新竹市埔頂路,七層/14,39.0,2614,81.9
光埔重劃區,115S2,2026-04-11,RPXNMLOKMHLGFAO96CB,埔頂路,鉑翡,L棟2F號,新竹市新竹市埔頂路,二層/14,36.3,2036,69.0
光埔重劃區,115S2,2026-04-11,RPUOMLOKMHLGFAO76CB,埔頂路,鉑翡,L棟12F號,新竹市新竹市埔頂路,十二層/14,37.5,2194,72.7
光埔重劃區,115S2,2026-04-12,RPOOMLOKMHLGFAO78CB,埔頂路,鉑翡,M棟3F號,新竹市新竹市埔頂路,三層/14,36.6,2151,71.9
光埔重劃區,115S2,2026-04-12,RPPOMLOKMHLGFAO88CB,埔頂路,鉑翡,M棟11F號,新竹市新竹市埔頂路,十一層/14,36.6,2211,74.2
光埔重劃區,115S2,2026-04-12,RPQOMLOKMHLGFAO98CB,埔頂路,鉑翡,E棟7F號,新竹市新竹市埔頂路,七層/14,36.9,2308,77.8
光埔重劃區,115S2,2026-04-12,RPROMLOKMHLGFAO09CB,埔頂路,鉑翡,E棟3F號,新竹市新竹市埔頂路,三層/14,36.9,2230,74.3
光埔重劃區,115S2,2026-04-12,RPPNMLLKNHLGFAO58CB,光復路一段,竹慶?見,C棟11F號,新竹市新竹市光復路一段476巷,十一層/15,58.3,3580,83.8
光埔重劃區,115S2,2026-04-13,RPSOMLOKMHLGFAO56CB,埔頂路,鉑翡,J棟10F號,新竹市新竹市埔頂路,十層/14,39.0,2662,83.4
光埔重劃區,115S2,2026-04-13,RPTOMLOKMHLGFAO66CB,埔頂路,鉑翡,M棟5F號,新竹市新竹市埔頂路,五層/14,36.6,2162,72.9
光埔重劃區,115S2,2026-04-14,RPRNMLQKMHLGFAO56CB,埔頂路,鉑翡,L棟13F號,新竹市新竹市埔頂路,十三層/14,36.7,2172,73.2
光埔重劃區,115S2,2026-04-15,RPSNMLQKMHLGFAO66CB,埔頂路,鉑翡,M棟8F號,新竹市新竹市埔頂路,八層/14,36.6,2216,74.4
光埔重劃區,115S2,2026-04-17,RPPNMLLLMHLGFAO58CB,埔頂路,鉑翡,I棟9F號,新竹市新竹市埔頂路,九層/14,37.2,2507,83.2
光埔重劃區,115S2,2026-04-18,RPQNMLLLMHLGFAO68CB,埔頂路,鉑翡,K棟12F號,新竹市新竹市埔頂路,十二層/14,38.5,2615,82.7
光埔重劃區,115S2,2026-04-18,RPRNMLLLMHLGFAO78CB,埔頂路,鉑翡,H棟6F號,新竹市新竹市埔頂路,六層/14,37.2,2380,77.7
光埔重劃區,115S2,2026-04-18,RPSNMLLLMHLGFAO88CB,埔頂路,鉑翡,B棟11F號,新竹市新竹市埔頂路,十一層/14,36.3,2290,78.1
光埔重劃區,115S2,2026-04-18,RPRNMLLKNHLGFAO78CB,光復路一段,竹慶?見,E棟15F號,新竹市新竹市光復路一段476巷,十五層/15,36.3,2378,84.4
光埔重劃區,115S2,2026-04-20,RPTNMLLLMHLGFAO98CB,埔頂路,鉑翡,M棟12F號,新竹市新竹市埔頂路,十二層/14,36.6,2224,74.7
光埔重劃區,115S2,2026-04-20,RPUNMLLLMHLGFAO09CB,埔頂路,鉑翡,K棟7F號,新竹市新竹市埔頂路,七層/14,38.5,2592,81.9
光埔重劃區,115S2,2026-04-22,RPUNMLSLMHLGFAO17CB,埔頂路,鉑翡,H棟7F號,新竹市新竹市埔頂路,七層/14,36.9,2369,79.7
光埔重劃區,115S2,2026-04-24,RPTNMLLKNHLGFAO98CB,光復路一段,竹慶?見,A棟4F號,新竹市新竹市光復路一段476巷,四層/15,47.1,3100,79.5
光埔重劃區,115S2,2026-04-25,RPQNMLSLMHLGFAO76CB,埔頂路,鉑翡,J棟8F號,新竹市新竹市埔頂路,八層/14,39.0,2590,80.9
光埔重劃區,115S2,2026-04-26,RPRNMLSLMHLGFAO86CB,埔頂路,鉑翡,I棟6F號,新竹市新竹市埔頂路,六層/14,36.9,2437,81.7
光埔重劃區,115S2,2026-04-26,RPSNMLSLMHLGFAO96CB,埔頂路,鉑翡,E棟12F號,新竹市新竹市埔頂路,十二層/14,37.2,2384,78.6
光埔重劃區,115S2,2026-04-27,RPTNMLSLMHLGFAO07CB,埔頂路,鉑翡,E棟11F號,新竹市新竹市埔頂路,十一層/14,37.2,2371,78.1
光埔重劃區,115S2,2026-04-28,RPQNMLLKNHLGFAO68CB,光復路一段,竹慶?見,C棟6F號,新竹市新竹市光復路一段476巷,六層/15,47.1,3218,82.5
光埔重劃區,115S2,2026-05-02,RPQNMLPJNHLGFAO98CB,埔頂路,鉑翡,I棟4F號,新竹市新竹市埔頂路,四層/14,37.2,2352,78.7
光埔重劃區,115S2,2026-05-02,RPRNMLPJNHLGFAO09CB,埔頂路,鉑翡,I棟7F號,新竹市新竹市埔頂路,七層/14,37.2,2405,80.7
光埔重劃區,115S2,2026-05-02,RPVNMLPJNHLGFAO86CB,埔頂路,鉑翡,E棟9F號,新竹市新竹市埔頂路,九層/14,37.2,2405,78.8
光埔重劃區,115S2,2026-05-02,RPQNMLPLNHLGFAO56CB,光復路一段,創薪匠之瑛,C棟3號,新竹市新竹市光復路一段403巷,三層/7,21.2,1425,75.2
光埔重劃區,115S2,2026-05-03,RPSNMLPJNHLGFAO56CB,埔頂路,鉑翡,I棟8F號,新竹市新竹市埔頂路,八層/14,37.2,2459,82.7
光埔重劃區,115S2,2026-05-03,RPTNMLPJNHLGFAO66CB,埔頂路,鉑翡,I棟3F號,新竹市新竹市埔頂路,三層/14,37.2,2352,78.7
光埔重劃區,115S2,2026-05-03,RPSNMLLKNHLGFAO88CB,光復路一段,竹慶?見,E棟10F號,新竹市新竹市光復路一段476巷,十層/15,36.3,2368,83.7
光埔重劃區,115S2,2026-05-03,RPPNMLPLNHLGFAO09CB,光復路一段,創薪匠之瑛,B棟6號,新竹市新竹市光復路一段403巷,六層/7,19.4,1306,75.2
光埔重劃區,115S2,2026-05-03,RPRNMLPLNHLGFAO66CB,光復路一段,創薪匠之瑛,C棟5號,新竹市新竹市光復路一段403巷,五層/7,21.2,1395,73.4
光埔重劃區,115S2,2026-05-03,RPSNMLPLNHLGFAO76CB,光復路一段,創薪匠之瑛,C棟6號,新竹市新竹市光復路一段403巷,六層/7,19.4,1300,74.5
光埔重劃區,115S2,2026-05-07,RPQNMLNKNHLGFAO88CB,埔頂路,鉑翡,M棟10F號,新竹市新竹市埔頂路,十層/14,37.5,2223,73.9
光埔重劃區,115S2,2026-05-07,RPPNMLLLNHLGFAO68CB,埔頂路,鉑翡,E棟13F號,新竹市新竹市埔頂路,十三層/14,37.2,2408,79.1
光埔重劃區,115S2,2026-05-08,RPTNMLPLNHLGFAO86CB,光復路一段,創薪匠之瑛,B棟4F號,新竹市新竹市光復路一段403巷,四層/7,21.2,1395,73.8
光埔重劃區,115S2,2026-05-10,RPPNMLSJOHLGFAO66CB,光復路一段,竹慶?見,E棟9F號,新竹市新竹市光復路一段476巷,九層/15,36.3,2358,83.3
光埔重劃區,115S3,2026-05-11,RPRNMLNKNHLGFAO98CB,埔頂路,鉑翡,D棟7F號,新竹市新竹市埔頂路,七層/14,38.7,2519,80.9
光埔重劃區,115S3,2026-05-14,RPPNMLKLNHLGFAO58CB,埔頂路,鉑翡,E棟5F號,新竹市新竹市埔頂路,五層/14,37.2,2321,76.8
光埔重劃區,115S3,2026-05-15,RPQNMLKLNHLGFAO68CB,埔頂路,鉑翡,J棟9F號,新竹市新竹市埔頂路,九層/14,39.0,2683,83.0
光埔重劃區,115S3,2026-05-21,RPQNMLQLNHLGFAO66CB,埔頂路,鉑翡,J棟14F號,新竹市新竹市埔頂路,十四層/14,39.8,2677,82.7
光埔重劃區,115S3,2026-05-21,RPRNMLQLNHLGFAO76CB,埔頂路,鉑翡,A棟6F號,新竹市新竹市埔頂路,六層/14,36.6,2185,73.4
光埔重劃區,115S3,2026-05-22,RPSNMLQLNHLGFAO86CB,埔頂路,鉑翡,D棟8F號,新竹市新竹市埔頂路,八層/14,38.7,2583,81.4
光埔重劃區,115S3,2026-05-24,RPTNMLQLNHLGFAO96CB,埔頂路,鉑翡,I棟10F號,新竹市新竹市埔頂路,十層/14,37.2,2555,83.7
光埔重劃區,115S3,2026-05-30,RPQNMLSJOHLGFAO76CB,光復路一段,竹慶?見,A棟3F號,新竹市新竹市光復路一段476巷,三層/15,58.3,3438,80.7
光埔重劃區,115S3,2026-06-05,RPPNMLTJOHLGFAO76CB,埔頂路,鉑翡,I棟11F號,新竹市新竹市埔頂路,十一層/14,37.2,2503,82.5
光埔重劃區,115S3,2026-06-05,RPQNMLTJOHLGFAO86CB,埔頂路,鉑翡,D棟9F號,新竹市新竹市埔頂路,九層/14,38.7,2612,81.9
光埔重劃區,115S3,2026-06-09,RPPNMLLKOHLGFAO68CB,埔頂路,鉑翡,E棟2F號,新竹市新竹市埔頂路,二層/14,37.2,2252,74.8
光埔重劃區,115S3,2026-06-10,RPQNMLLKOHLGFAO78CB,埔頂路,鉑翡,K棟14F號,新竹市新竹市埔頂路,十四層/14,38.5,2600,82.7
光埔重劃區,115S3,2026-06-10,RPRNMLLKOHLGFAO88CB,埔頂路,鉑翡,B棟12F號,新竹市新竹市埔頂路,十二層/14,36.7,2308,78.6
光埔重劃區,115S3,2026-06-13,RPSNMLRKOHLGFAO96CB,埔頂路,鉑翡,M棟6F號,新竹市新竹市埔頂路,六層/14,36.6,2190,73.4
光埔重劃區,115S3,2026-06-14,RPTNMLRKOHLGFAO07CB,埔頂路,鉑翡,H棟8F號,新竹市新竹市埔頂路,八層/14,37.2,2442,80.2
光埔重劃區,115S3,2026-06-15,RPUNMLRKOHLGFAO17CB,埔頂路,鉑翡,D棟12F號,新竹市新竹市埔頂路,十二層/14,38.7,2586,81.7
光埔重劃區,115S3,2026-06-17,RPPNMLQKPHLGFAO76DB,光復路一段,竹慶?見,D棟7F號,新竹市新竹市光復路一段476巷,七層/15,36.3,2320,81.7
光埔重劃區,115S3,2026-06-21,RPPNMLLJPHLGFAO68CB,埔頂路,鉑翡,J棟3F號,新竹市新竹市埔頂路,三層/14,39.0,2504,78.4
光埔重劃區,115S3,2026-06-27,RPQNMLLJPHLGFAO78CB,埔頂路,鉑翡,E棟10F號,新竹市新竹市埔頂路,十層/14,37.2,2418,79.3
光埔重劃區,115S3,2026-07-03,RPQNMLNKPHLGFAO09CB,埔頂路,鉑翡,K棟4F號,新竹市新竹市埔頂路,四層/14,38.5,2522,79.9
光埔重劃區,115S3,2026-07-04,RPRNMLQKPHLGFAO96DB,光復路一段,竹慶?見,A棟9F號,新竹市新竹市光復路一段476巷,九層/15,47.1,3228,82.4
光埔重劃區,115S3,2026-07-05,RPRNMLNKPHLGFAO56CB,埔頂路,鉑翡,D棟13F號,新竹市新竹市埔頂路,十三層/14,38.7,2631,82.2
光埔重劃區,115S3,2026-07-07,RPSNMLNKPHLGFAO66CB,埔頂路,鉑翡,K棟3F號,新竹市新竹市埔頂路,三層/14,38.2,2477,79.9
光埔重劃區,115S3,2026-07-12,RPQNMLKLPHLGFAO88CB,埔頂路,鉑翡,M棟7F號,新竹市新竹市埔頂路,七層/14,36.6,2193,73.9
光埔重劃區,115S3,2026-07-12,RPSNMLKLPHLGFAO09CB,埔頂路,鉑翡,D棟11F號,新竹市新竹市埔頂路,十一層/14,49.2,2907,81.2
光埔重劃區,115S3,2026-07-13,RPRNMLKLPHLGFAO98CB,埔頂路,鉑翡,C棟12F號,新竹市新竹市埔頂路,十二層/14,38.1,2550,81.2
光埔重劃區,115S3,2026-07-14,RPQNMLQKPHLGFAO86DB,光復路一段,竹慶?見,A棟7F號,新竹市新竹市光復路一段476巷,七層/15,47.1,3218,82.0
光埔重劃區,115S3,2026-07-15,RPTNMLKLPHLGFAO56CB,埔頂路,鉑翡,A棟8F號,新竹市新竹市埔頂路,八層/14,36.3,2201,74.4
光埔重劃區,115S3,2026-07-15,RPUNMLKLPHLGFAO66CB,埔頂路,鉑翡,M棟9F號,新竹市新竹市埔頂路,九層/14,36.3,2219,74.9
光埔重劃區,115S3,2026-07-31,RPPNMLKKQHLGFAO78CB,埔頂路,鉑翡,A棟4F號,新竹市新竹市埔頂路,四層/14,36.6,2141,71.6
光埔重劃區,115S3,2026-08-01,RPQNMLKKQHLGFAO88CB,埔頂路,鉑翡,D棟5F號,新竹市新竹市埔頂路,五層/14,38.7,2536,79.9
光埔重劃區,115S3,2026-08-04,RPRNMLKKQHLGFAO98CB,埔頂路,鉑翡,C棟13F號,新竹市新竹市埔頂路,十三層/14,38.1,2568,81.7
光埔重劃區,115S4,2026-08-12,RPQOMLLJRHLGFAO09CB,光復路一段,竹慶?見,A棟5F號,新竹市新竹市光復路一段476巷,五層/15,47.1,3188,81.5
光埔重劃區,115S4,2026-08-16,RPPNMLOLQHLGFAO66CB,埔頂路,鉑翡,C棟11F號,新竹市新竹市埔頂路,十一層/14,38.1,2526,80.7
公道五沿線,114S2,2025-04-18,RPPNMLQKNHKGFAO09DB,千甲路,聖淘沙,2棟A1號,新竹市新竹市千甲路,二層/5,41.0,1900,45.8
公道五沿線,114S2,2025-04-28,RPPNMLTKNHKGFAO76DB,千甲路,聖淘沙,5棟A1號,新竹市新竹市千甲路,五層/5,41.0,1900,45.8
公道五沿線,114S2,2025-04-29,RPQNMLQKNHKGFAO56DB,千甲路,聖淘沙,4棟A2號,新竹市新竹市千甲路,四層/5,15.1,750,49.7
公道五沿線,114S2,2025-04-29,RPPNMLMLNHKGFAO78DB,千甲路,聖淘沙,2棟A2號,新竹市新竹市千甲路,二層/5,15.1,750,49.7
公道五沿線,114S2,2025-05-06,RPRNMLQKNHKGFAO66DB,千甲路,聖淘沙,3棟A3號,新竹市新竹市千甲路,三層/5,40.5,1980,48.8
公道五沿線,114S3,2025-08-05,RPPNMLTJQHKGFAO96DB,千甲路,聖淘沙,3棟A2號,新竹市新竹市千甲路,三層/5,15.1,750,49.7
公道五沿線,114S4,2025-09-02,RPPNMLQJRHKGFAO76DB,千甲路,聖淘沙,4棟A4號,新竹市新竹市千甲路,四層/5,41.0,2152,52.8
公道五沿線,114S4,2025-09-30,RPQNMLLKIIKGFAO28DB,千甲路,聖淘沙,3棟A1號,新竹市新竹市千甲路,三層/5,41.0,2250,55.5
公道五沿線,115S2,2026-03-21,RPPNMLMKMHLGFAO68DB,千甲路,聖淘沙,5棟A2號,新竹市新竹市千甲路,五層/5,15.1,750,49.7
關埔重劃區,113S3,2024-05-13,RPOOMLSKNHJGFAO09CB,關新路,豐邑一綻,A棟3號,新竹市新竹市關新路216號旁,三層/24,46.2,3038,77.5
關埔重劃區,113S3,2024-05-14,RPVNMLSKNHJGFAO07CB,關新路,豐邑一綻,E棟3號,新竹市新竹市關新路216號旁,三層/24,46.0,3030,77.6
關埔重劃區,113S3,2024-05-20,RPSNMLLJOHJGFAO68CB,關新路,豐邑一綻,A棟23號,新竹市新竹市關新路216號旁,二十三層/24,46.4,3340,83.7
關埔重劃區,113S3,2024-05-22,RPTNMLLJOHJGFAO78CB,關新路,豐邑一綻,F棟3號,新竹市新竹市關新路216號旁,三層/24,44.4,3180,83.8
關埔重劃區,113S3,2024-05-24,RPUNMLLJOHJGFAO88CB,關新路,豐邑一綻,C棟12號,新竹市新竹市關新路216號旁,十二層/24,51.1,3600,80.9
關埔重劃區,113S3,2024-05-31,RPVNMLLJOHJGFAO98CB,關新路,豐邑一綻,C棟3號,新竹市新竹市關新路216號旁,三層/24,50.9,3418,76.9
關埔重劃區,113S3,2024-06-26,RPRNMLQKPHJGFAO66CB,關新路,豐邑一綻,C棟16號,新竹市新竹市關新路216號旁,十六層/24,51.1,3700,82.9
關埔重劃區,113S3,2024-07-06,RPSNMLQKPHJGFAO76CB,關新路,豐邑一綻,G棟4號,新竹市新竹市關新路216號旁,四層/24,43.1,3090,86.2
關埔重劃區,113S3,2024-07-22,RPTNMLSJQHJGFAO07CB,關新路,豐邑一綻,E棟4號,新竹市新竹市關新路216號旁,四層/24,46.0,3277,83.4
關埔重劃區,113S4,2024-08-13,RPPNMLKLQHJGFAO68CB,關新路,豐邑一綻,C棟23號,新竹市新竹市關新路216號旁,二十三層/24,51.1,3820,85.8
關埔重劃區,113S4,2024-08-16,RPQNMLKLQHJGFAO78CB,關新路,豐邑一綻,C棟22號,新竹市新竹市關新路216號旁,二十二層/24,51.1,3688,83.1
高鐵特區,113S3,2024-05-11,RPQNMLQLNHJGFBJ68CB,勝利十二街、莊敬三路交叉,森之樹,A3棟8號,新竹縣竹北市勝利十二街、莊敬三路交叉口,八層/22,42.0,2950,78.8
高鐵特區,113S3,2024-05-11,RPRNMLQLNHJGFBJ78CB,勝利十二街、莊敬三路交叉,森之樹,B7棟6號,新竹縣竹北市勝利十二街、莊敬三路交叉口,六層/22,42.0,2960,79.3
高鐵特區,113S3,2024-05-11,RPOPMLNJOHJGFBJ28CB,高鐵二路與隘口一街口,合石MOON RIVER,C棟8號,新竹縣竹北市高鐵二路與隘口一街口,八層/14,82.3,5381,83.8
高鐵特區,113S3,2024-05-11,RPSPMLNJOHJGFBJ68CB,高鐵二路與隘口一街口,合石MOON RIVER,A棟14號,新竹縣竹北市高鐵二路與隘口一街口,十四層/14,76.4,4948,85.2
高鐵特區,113S3,2024-05-12,RPPNMLOKNHJGFBJ38DB,嘉豐一街,創薪匠之耀,B棟2樓號,新竹縣竹北市嘉豐一街89號隔壁,二層/5,31.9,2028,65.3
高鐵特區,113S3,2024-05-12,RPTNMLQLNHJGFBJ98CB,勝利十二街、莊敬三路交叉,森之樹,A7棟3號,新竹縣竹北市勝利十二街、莊敬三路交叉口,三層/22,42.5,2955,78.0
高鐵特區,113S3,2024-05-13,RPOOMLOKNHJGFBJ28CB,高鐵九路,小日山青,A棟3F號,新竹縣竹北市高鐵九路,三層/7,52.6,2985,63.2
高鐵特區,113S3,2024-05-13,RPPNMLQKNHJGFBJ48CB,嘉豐南路二段,馥御,C棟6F號,新竹縣竹北市嘉豐南路二段11號旁,六層/10,50.0,3251,78.5
高鐵特區,113S3,2024-05-13,RPQPMLNJOHJGFBJ48CB,高鐵二路與隘口一街口,合石MOON RIVER,C棟14號,新竹縣竹北市高鐵二路與隘口一街口,十四層/14,82.3,5574,86.8
高鐵特區,113S3,2024-05-13,RPTPMLNJOHJGFBJ78CB,高鐵二路與隘口一街口,合石MOON RIVER,B棟14號,新竹縣竹北市高鐵二路與隘口一街口,十四層/14,81.4,5201,86.1
高鐵特區,113S3,2024-05-16,RPUPMLNJOHJGFBJ88CB,高鐵二路與隘口一街口,合石MOON RIVER,C棟6號,新竹縣竹北市高鐵二路與隘口一街口,六層/14,82.3,5293,82.5
高鐵特區,113S3,2024-05-18,RPVNMLLLNHJGFBJ68CB,六家一路,浩瀚 豐邑之森,B棟11F號,新竹縣竹北市六家一路,十一層/17,64.1,3970,71.5
高鐵特區,113S3,2024-05-21,RPTNMLQKOHJGFBJ98CB,高鐵二路與隘口一街口,合石MOON RIVER,B棟12號,新竹縣竹北市高鐵二路與隘口一街口,十二層/14,83.4,5147,84.7
高鐵特區,113S3,2024-05-22,RPPNMLKMNHJGFBJ18DB,高鐵二路,十澗,B棟6F號,新竹縣竹北市高鐵二路,六層/6,45.9,2938,66.0
高鐵特區,113S3,2024-05-22,RPXNMLQKOHJGFBJ76CB,高鐵二路與隘口一街口,合石MOON RIVER,C棟3號,新竹縣竹北市高鐵二路與隘口一街口,三層/14,70.0,4958,81.2
高鐵特區,113S3,2024-05-22,RPVNMLKLOHJGFBJ68CB,高鐵二路與隘口一街口,合石MOON RIVER,B棟10號,新竹縣竹北市高鐵二路與隘口一街口,十層/14,77.5,5083,84.1
高鐵特區,113S3,2024-05-23,RPOOMLQKOHJGFBJ58CB,高鐵二路與隘口一街口,合石MOON RIVER,C棟4號,新竹縣竹北市高鐵二路與隘口一街口,四層/14,81.3,5276,81.8
高鐵特區,113S3,2024-05-24,RPSNMLQKOHJGFBJ88CB,高鐵二路與隘口一街口,合石MOON RIVER,B棟11號,新竹縣竹北市高鐵二路與隘口一街口,十一層/14,67.7,4845,86.2
高鐵特區,113S3,2024-05-25,RPVNMLQKOHJGFBJ56CB,高鐵二路與隘口一街口,合石MOON RIVER,B棟8號,新竹縣竹北市高鐵二路與隘口一街口,八層/14,66.2,4759,83.1
高鐵特區,113S3,2024-05-26,RPPNMLKMNHJGFBJ08CB,嘉豐南路二段,馥御,C棟3F號,新竹縣竹北市嘉豐南路二段11號旁,三層/10,50.0,3162,76.3
高鐵特區,113S3,2024-05-27,RPQNMLSLNHJGFBJ88CB,六家一路,浩瀚 豐邑之森,A棟2F號,新竹縣竹北市六家一路,二層/17,64.1,3908,70.4
高鐵特區,113S3,2024-05-28,RPQNMLLMNHJGFBJ28CB,六家一路,浩瀚 豐邑之森,A棟8F號,新竹縣竹北市六家一路,八層/17,64.1,3967,71.5
高鐵特區,113S3,2024-05-31,RPTNMLOJOHJGFBJ68CB,嘉豐南路二段,馥御,A棟5F號,新竹縣竹北市嘉豐南路二段11號旁,五層/10,50.1,3316,80.0
高鐵特區,113S3,2024-05-31,RPVNMLOJOHJGFBJ88CB,嘉豐南路二段,馥御,A棟8F號,新竹縣竹北市嘉豐南路二段11號旁,八層/10,50.1,3427,83.3
高鐵特區,113S3,2024-05-31,RPWNMLOJOHJGFBJ98CB,嘉豐南路二段,馥御,A棟10F號,新竹縣竹北市嘉豐南路二段11號旁,十層/10,50.1,3465,83.9
高鐵特區,113S3,2024-05-31,RPXNMLOJOHJGFBJ09CB,嘉豐南路二段,馥御,B棟9F號,新竹縣竹北市嘉豐南路二段11號旁,九層/10,54.9,3884,84.3
高鐵特區,113S3,2024-05-31,RPOOMLOJOHJGFBJ28CB,嘉豐南路二段,馥御,B棟8F號,新竹縣竹北市嘉豐南路二段11號旁,八層/10,54.9,3854,83.5
高鐵特區,113S3,2024-05-31,RPWNMLQKOHJGFBJ66CB,高鐵二路與隘口一街口,合石MOON RIVER,B棟7號,新竹縣竹北市高鐵二路與隘口一街口,七層/14,77.5,4982,82.6
高鐵特區,113S3,2024-05-31,RPQOMLQKOHJGFBJ78CB,高鐵二路與隘口一街口,合石MOON RIVER,A棟8號,新竹縣竹北市高鐵二路與隘口一街口,八層/14,64.1,4553,82.6
高鐵特區,113S3,2024-06-01,RPUNMLQKOHJGFBJ09CB,高鐵二路與隘口一街口,合石MOON RIVER,B棟9號,新竹縣竹北市高鐵二路與隘口一街口,九層/14,78.5,5066,83.6
高鐵特區,113S3,2024-06-01,RPROMLQKOHJGFBJ88CB,高鐵二路與隘口一街口,合石MOON RIVER,A棟3號,新竹縣竹北市高鐵二路與隘口一街口,三層/14,64.1,4438,80.4
高鐵特區,113S3,2024-06-02,RPQNMLPJOHJGFBJ48CB,嘉豐南路二段,馥御,B棟10F號,新竹縣竹北市嘉豐南路二段11號旁,十層/10,54.9,3924,85.0
高鐵特區,113S3,2024-06-02,RPSNMLSKOHJGFBJ09CB,勝利十二街、莊敬三路交叉,森之樹,A3棟6號,新竹縣竹北市勝利十二街、莊敬三路交叉口,六層/22,42.0,2968,79.5
高鐵特區,113S3,2024-06-03,RPRNMLPJOHJGFBJ58CB,嘉豐南路二段,馥御,C棟5F號,新竹縣竹北市嘉豐南路二段11號旁,五層/10,50.0,3282,79.3
高鐵特區,113S3,2024-06-03,RPSNMLPJOHJGFBJ68CB,嘉豐南路二段,馥御,C棟8F號,新竹縣竹北市嘉豐南路二段11號旁,八層/10,50.0,3377,81.8
高鐵特區,113S3,2024-06-04,RPSOMLQKOHJGFBJ98CB,高鐵二路與隘口一街口,合石MOON RIVER,B棟6號,新竹縣竹北市高鐵二路與隘口一街口,六層/14,77.5,4925,81.7
高鐵特區,113S3,2024-06-05,RPQNMLKMOHJGFBJ28CB,高鐵二路與隘口一街口,合石MOON RIVER,A棟5號,新竹縣竹北市高鐵二路與隘口一街口,五層/14,75.4,4735,81.1
高鐵特區,113S3,2024-06-06,RPPNMLLKOHJGFBJ08CB,嘉豐南路二段,馥御,A棟6F號,新竹縣竹北市嘉豐南路二段11號旁,六層/10,50.1,3425,82.9
高鐵特區,113S3,2024-06-07,RPQNMLLKOHJGFBJ18CB,嘉豐南路二段,馥御,C棟9F號,新竹縣竹北市嘉豐南路二段11號旁,九層/10,50.0,3411,82.7
高鐵特區,113S3,2024-06-07,RPRNMLLKOHJGFBJ28CB,嘉豐南路二段,馥御,C棟10F號,新竹縣竹北市嘉豐南路二段11號旁,十層/10,50.0,3400,82.4
高鐵特區,113S3,2024-06-07,RPWNMLKMOHJGFBJ88CB,高鐵二路與隘口一街口,合石MOON RIVER,A棟13號,新竹縣竹北市高鐵二路與隘口一街口,十三層/14,64.1,4672,84.9
高鐵特區,113S3,2024-06-08,RPRNMLKMOHJGFBJ38CB,高鐵二路與隘口一街口,合石MOON RIVER,A棟6號,新竹縣竹北市高鐵二路與隘口一街口,六層/14,64.1,4501,81.6
高鐵特區,113S3,2024-06-09,RPSNMLLKOHJGFBJ38CB,嘉豐南路二段,馥御,C棟4F號,新竹縣竹北市嘉豐南路二段11號旁,四層/10,50.0,3292,79.7
高鐵特區,113S3,2024-06-09,RPTOMLQKOHJGFBJ09CB,高鐵二路與隘口一街口,合石MOON RIVER,B棟4號,新竹縣竹北市高鐵二路與隘口一街口,四層/14,66.2,4631,80.7
高鐵特區,113S3,2024-06-09,RPUOMLQKOHJGFBJ56CB,高鐵二路與隘口一街口,合石MOON RIVER,A棟12號,新竹縣竹北市高鐵二路與隘口一街口,十二層/14,65.6,4672,84.6
高鐵特區,113S3,2024-06-10,RPPNMLSJPHJGFBJ78CB,高鐵九路,小日山青,B棟3F號,新竹縣竹北市高鐵九路,三層/7,52.8,3240,68.1
高鐵特區,113S3,2024-06-13,RPSNMLLKPHJGFBJ48CB,六家五路一段,庫勒修,B棟10號,新竹縣竹北市六家五路一段,十層/11,50.0,3300,76.3
高鐵特區,113S3,2024-06-14,RPUNMLLKPHJGFBJ68CB,六家五路一段,庫勒修,B棟9號,新竹縣竹北市六家五路一段,九層/11,46.2,3175,73.3
高鐵特區,113S3,2024-06-14,RPOOMLLKPHJGFBJ18CB,六家五路一段,庫勒修,A棟11號,新竹縣竹北市六家五路一段,十一層/11,45.0,3410,81.8
高鐵特區,113S3,2024-06-15,RPPNMLKMOHJGFBJ18CB,高鐵二路與隘口一街口,合石MOON RIVER,A棟4號,新竹縣竹北市高鐵二路與隘口一街口,四層/14,65.3,4459,80.6
高鐵特區,113S3,2024-06-15,RPSNMLKMOHJGFBJ48CB,高鐵二路與隘口一街口,合石MOON RIVER,A棟7號,新竹縣竹北市高鐵二路與隘口一街口,七層/14,65.3,4547,82.1
高鐵特區,113S3,2024-06-16,RPUNMLKMOHJGFBJ68CB,高鐵二路與隘口一街口,合石MOON RIVER,A棟9號,新竹縣竹北市高鐵二路與隘口一街口,九層/14,64.1,4579,83.1
高鐵特區,113S3,2024-06-16,RPVNMLKMOHJGFBJ78CB,高鐵二路與隘口一街口,合石MOON RIVER,A棟11號,新竹縣竹北市高鐵二路與隘口一街口,十一層/14,65.3,4651,84.1
高鐵特區,113S3,2024-06-18,RPWNMLLKPHJGFBJ88CB,六家五路一段,庫勒修,A棟2號,新竹縣竹北市六家五路一段,二層/11,53.5,3250,74.1
高鐵特區,113S3,2024-06-19,RPRNMLSLOHJGFBJ56DB,嘉豐一街,創薪匠之耀,A棟5樓號,新竹縣竹北市嘉豐一街89號隔壁,五層/5,49.7,3636,72.9
高鐵特區,113S3,2024-06-20,RPVNMLLKPHJGFBJ78CB,六家五路一段,庫勒修,A棟8號,新竹縣竹北市六家五路一段,八層/11,53.5,3310,75.6
高鐵特區,113S3,2024-06-22,RPPNMLPLOHJGFBJ58CB,嘉豐南路二段,馥御,B棟2F號,新竹縣竹北市嘉豐南路二段11號旁,二層/10,54.9,3800,82.0
高鐵特區,113S3,2024-06-22,RPTNMLKMOHJGFBJ58CB,高鐵二路與隘口一街口,合石MOON RIVER,A棟10號,新竹縣竹北市高鐵二路與隘口一街口,十層/14,65.3,4615,83.6
高鐵特區,113S3,2024-06-23,RPQNMLPLOHJGFBJ68CB,嘉豐南路二段,馥御,C棟2F號,新竹縣竹北市嘉豐南路二段11號旁,二層/10,50.0,3320,80.7
高鐵特區,113S3,2024-06-23,RPRNMLPLOHJGFBJ78CB,嘉豐南路二段,馥御,B棟3F號,新竹縣竹北市嘉豐南路二段11號旁,三層/10,54.6,3680,79.8
高鐵特區,113S3,2024-06-23,RPQNMLSLOHJGFBJ09DB,嘉豐一街,創薪匠之耀,B棟5樓號,新竹縣竹北市嘉豐一街89號隔壁,五層/5,43.4,2888,69.8
高鐵特區,113S3,2024-06-25,RPPNMLQLOHJGFBJ68CB,嘉豐南路二段,馥御,A棟2F號,新竹縣竹北市嘉豐南路二段11號旁,二層/10,50.1,3266,79.1
高鐵特區,113S3,2024-06-27,RPUNMLLJPHJGFBJ58CB,嘉豐南路二段,馥御,A棟3F號,新竹縣竹北市嘉豐南路二段11號旁,三層/10,50.1,3347,80.9
高鐵特區,113S3,2024-06-28,RPVNMLLJPHJGFBJ68CB,嘉豐南路二段,馥御,A棟4F號,新竹縣竹北市嘉豐南路二段11號旁,四層/10,50.1,3387,82.0
高鐵特區,113S3,2024-07-07,RPXNMLLKPHJGFBJ98CB,六家五路一段,庫勒修,B棟2號,新竹縣竹北市六家五路一段,二層/11,46.2,3002,72.1
高鐵特區,113S3,2024-07-13,RPPNMLOKPHJGFBJ48CB,六家一路,浩瀚 豐邑之森,B棟3F號,新竹縣竹北市六家一路,三層/17,64.1,3957,71.1
高鐵特區,113S3,2024-07-13,RPPNMLPKPHJGFBJ58CB,十興路二段,閱建築,E棟6號,新竹縣竹北市十興路二段,六層/13,46.6,2590,65.3
高鐵特區,113S3,2024-07-21,RPPNMLQLPHJGFBJ78CB,十興路二段,閱建築,A棟10號,新竹縣竹北市十興路二段,十層/14,47.0,2608,66.1
高鐵特區,113S3,2024-07-21,RPPOMLPJQHJGFBJ68CB,隘口三街、高鐵六路、高鐵六路,協勝大聚,A1棟11F號,新竹縣竹北市隘口三街、高鐵六路、高鐵六路99巷,十一層/15,67.6,3961,75.7
高鐵特區,113S3,2024-07-21,RPQOMLPJQHJGFBJ78CB,隘口三街、高鐵六路、高鐵六路,協勝大聚,A1棟7F號,新竹縣竹北市隘口三街、高鐵六路、高鐵六路99巷,七層/15,57.0,3653,74.3
高鐵特區,113S3,2024-07-21,RPROMLPJQHJGFBJ88CB,隘口三街、高鐵六路、高鐵六路,協勝大聚,A1棟8F號,新竹縣竹北市隘口三街、高鐵六路、高鐵六路99巷,八層/15,57.0,3686,74.8
高鐵特區,113S3,2024-07-21,RPSOMLPJQHJGFBJ98CB,隘口三街、高鐵六路、高鐵六路,協勝大聚,A1棟9F號,新竹縣竹北市隘口三街、高鐵六路、高鐵六路99巷,九層/15,57.0,3686,75.0
高鐵特區,113S3,2024-07-21,RPTOMLPJQHJGFBJ09CB,隘口三街、高鐵六路、高鐵六路,協勝大聚,A2棟2F號,新竹縣竹北市隘口三街、高鐵六路、高鐵六路99巷,二層/15,47.5,2985,75.6
高鐵特區,113S3,2024-07-21,RPUOMLPJQHJGFBJ56CB,隘口三街、高鐵六路、高鐵六路,協勝大聚,A2棟3F號,新竹縣竹北市隘口三街、高鐵六路、高鐵六路99巷,三層/15,47.5,3013,75.8
高鐵特區,113S3,2024-07-21,RPVOMLPJQHJGFBJ66CB,隘口三街、高鐵六路、高鐵六路,協勝大聚,A2棟5F號,新竹縣竹北市隘口三街、高鐵六路、高鐵六路99巷,五層/15,47.5,3048,76.4
高鐵特區,113S3,2024-07-21,RPWOMLPJQHJGFBJ76CB,隘口三街、高鐵六路、高鐵六路,協勝大聚,A2棟6F號,新竹縣竹北市隘口三街、高鐵六路、高鐵六路99巷,六層/15,47.5,3043,76.6
高鐵特區,113S3,2024-07-21,RPXOMLPJQHJGFBJ86CB,隘口三街、高鐵六路、高鐵六路,協勝大聚,A2棟9F號,新竹縣竹北市隘口三街、高鐵六路、高鐵六路99巷,九層/15,47.5,3045,76.3
高鐵特區,113S3,2024-07-21,RPOPMLPJQHJGFBJ68CB,隘口三街、高鐵六路、高鐵六路,協勝大聚,A2棟15F號,新竹縣竹北市隘口三街、高鐵六路、高鐵六路99巷,十五層/15,47.5,3071,77.7
高鐵特區,113S3,2024-07-21,RPPPMLPJQHJGFBJ78CB,隘口三街、高鐵六路、高鐵六路,協勝大聚,B1棟4F號,新竹縣竹北市隘口三街、高鐵六路、高鐵六路99巷,四層/15,47.5,3028,76.2
高鐵特區,113S3,2024-07-21,RPQPMLPJQHJGFBJ88CB,隘口三街、高鐵六路、高鐵六路,協勝大聚,B1棟5F號,新竹縣竹北市隘口三街、高鐵六路、高鐵六路99巷,五層/15,47.5,3033,76.4
高鐵特區,113S3,2024-07-21,RPRPMLPJQHJGFBJ98CB,隘口三街、高鐵六路、高鐵六路,協勝大聚,B1棟6F號,新竹縣竹北市隘口三街、高鐵六路、高鐵六路99巷,六層/15,47.5,3043,76.6
高鐵特區,113S3,2024-07-21,RPSPMLPJQHJGFBJ09CB,隘口三街、高鐵六路、高鐵六路,協勝大聚,B2棟6F號,新竹縣竹北市隘口三街、高鐵六路、高鐵六路99巷,六層/15,57.1,3628,73.5
高鐵特區,113S3,2024-07-21,RPTPMLPJQHJGFBJ56CB,隘口三街、高鐵六路、高鐵六路,協勝大聚,B2棟8F號,新竹縣竹北市隘口三街、高鐵六路、高鐵六路99巷,八層/15,57.1,3663,74.5
高鐵特區,113S3,2024-07-21,RPUPMLPJQHJGFBJ66CB,隘口三街、高鐵六路、高鐵六路,協勝大聚,B2棟14F號,新竹縣竹北市隘口三街、高鐵六路、高鐵六路99巷,十四層/15,57.1,3694,74.6
高鐵特區,113S3,2024-07-21,RPVPMLPJQHJGFBJ76CB,隘口三街、高鐵六路、高鐵六路,協勝大聚,B2棟15F號,新竹縣竹北市隘口三街、高鐵六路、高鐵六路99巷,十五層/15,57.1,3651,73.9
高鐵特區,113S3,2024-07-21,RPWPMLPJQHJGFBJ86CB,隘口三街、高鐵六路、高鐵六路,協勝大聚,C1棟15F號,新竹縣竹北市隘口三街、高鐵六路、高鐵六路99巷,十五層/15,40.9,2629,80.0
高鐵特區,113S3,2024-07-21,RPXPMLPJQHJGFBJ96CB,隘口三街、高鐵六路、高鐵六路,協勝大聚,C5棟15F號,新竹縣竹北市隘口三街、高鐵六路、高鐵六路99巷,十五層/15,40.8,2627,79.0
高鐵特區,113S3,2024-07-28,RPQNMLPKQHJGFBJ78CB,隘口三街、高鐵六路、高鐵六路,協勝大聚,A2棟4F號,新竹縣竹北市隘口三街、高鐵六路、高鐵六路99巷,四層/15,47.5,3028,76.2
高鐵特區,113S3,2024-07-28,RPRNMLPKQHJGFBJ88CB,隘口三街、高鐵六路、高鐵六路,協勝大聚,A1棟12F號,新竹縣竹北市隘口三街、高鐵六路、高鐵六路99巷,十二層/15,57.0,3696,75.0
高鐵特區,113S3,2024-07-28,RPSNMLPKQHJGFBJ98CB,隘口三街、高鐵六路、高鐵六路,協勝大聚,A1棟13F號,新竹縣竹北市隘口三街、高鐵六路、高鐵六路99巷,十三層/15,57.0,3705,75.2
高鐵特區,113S3,2024-07-28,RPTNMLPKQHJGFBJ09CB,隘口三街、高鐵六路、高鐵六路,協勝大聚,A1棟14F號,新竹縣竹北市隘口三街、高鐵六路、高鐵六路99巷,十四層/15,57.0,3714,75.4
高鐵特區,113S3,2024-07-28,RPUNMLPKQHJGFBJ56CB,隘口三街、高鐵六路、高鐵六路,協勝大聚,A2棟7F號,新竹縣竹北市隘口三街、高鐵六路、高鐵六路99巷,七層/15,47.5,3053,76.9
高鐵特區,113S3,2024-07-28,RPVNMLPKQHJGFBJ66CB,隘口三街、高鐵六路、高鐵六路,協勝大聚,B1棟7F號,新竹縣竹北市隘口三街、高鐵六路、高鐵六路99巷,七層/15,47.5,3053,76.9
高鐵特區,113S3,2024-07-28,RPWNMLPKQHJGFBJ76CB,隘口三街、高鐵六路、高鐵六路,協勝大聚,B1棟8F號,新竹縣竹北市隘口三街、高鐵六路、高鐵六路99巷,八層/15,47.5,3063,77.2
高鐵特區,113S3,2024-07-28,RPXNMLPKQHJGFBJ86CB,隘口三街、高鐵六路、高鐵六路,協勝大聚,B2棟12F號,新竹縣竹北市隘口三街、高鐵六路、高鐵六路99巷,十二層/15,57.1,3689,74.5
高鐵特區,113S3,2024-07-28,RPOOMLPKQHJGFBJ68CB,隘口三街、高鐵六路、高鐵六路,協勝大聚,B2棟13F號,新竹縣竹北市隘口三街、高鐵六路、高鐵六路99巷,十三層/15,57.1,3708,74.9
高鐵特區,113S3,2024-07-28,RPPOMLPKQHJGFBJ78CB,隘口三街、高鐵六路、高鐵六路,協勝大聚,C1棟5F號,新竹縣竹北市隘口三街、高鐵六路、高鐵六路99巷,五層/15,40.9,2611,79.4
高鐵特區,113S3,2024-07-28,RPQOMLPKQHJGFBJ88CB,隘口三街、高鐵六路、高鐵六路,協勝大聚,C1棟8F號,新竹縣竹北市隘口三街、高鐵六路、高鐵六路99巷,八層/15,40.9,2651,80.4
高鐵特區,113S3,2024-07-28,RPROMLPKQHJGFBJ98CB,隘口三街、高鐵六路、高鐵六路,協勝大聚,C1棟10F號,新竹縣竹北市隘口三街、高鐵六路、高鐵六路99巷,十層/15,40.9,2663,80.8
高鐵特區,113S3,2024-07-28,RPSOMLPKQHJGFBJ09CB,隘口三街、高鐵六路、高鐵六路,協勝大聚,C2棟10F號,新竹縣竹北市隘口三街、高鐵六路、高鐵六路99巷,十層/15,40.9,2678,80.8
高鐵特區,113S3,2024-07-28,RPQNMLLLQHJGFBJ48CB,隘口三街、高鐵六路、高鐵六路,協勝大聚,A1棟6F號,新竹縣竹北市隘口三街、高鐵六路、高鐵六路99巷,六層/15,67.6,3831,73.5
高鐵特區,113S3,2024-08-02,RPPNMLQJQHJGFBJ68CB,六家五路一段,庫勒修,A棟9號,新竹縣竹北市六家五路一段,九層/11,53.5,3590,82.8
高鐵特區,113S3,2024-08-04,RPPNMLLLQHJGFBJ38CB,隘口三街、高鐵六路、高鐵六路,協勝大聚,A1棟3F號,新竹縣竹北市隘口三街、高鐵六路、高鐵六路99巷,三層/15,67.6,3819,74.3
高鐵特區,113S3,2024-08-04,RPRNMLLLQHJGFBJ58CB,隘口三街、高鐵六路、高鐵六路,協勝大聚,A1棟10F號,新竹縣竹北市隘口三街、高鐵六路、高鐵六路99巷,十層/15,57.0,3766,76.4
高鐵特區,113S3,2024-08-04,RPSNMLLLQHJGFBJ68CB,隘口三街、高鐵六路、高鐵六路,協勝大聚,A1棟15F號,新竹縣竹北市隘口三街、高鐵六路、高鐵六路99巷,十五層/15,57.0,3724,75.6
高鐵特區,113S3,2024-08-04,RPTNMLLLQHJGFBJ78CB,隘口三街、高鐵六路、高鐵六路,協勝大聚,A2棟10F號,新竹縣竹北市隘口三街、高鐵六路、高鐵六路99巷,十層/15,47.5,3113,78.5
高鐵特區,113S3,2024-08-04,RPUNMLLLQHJGFBJ88CB,隘口三街、高鐵六路、高鐵六路,協勝大聚,A2棟13F號,新竹縣竹北市隘口三街、高鐵六路、高鐵六路99巷,十三層/15,47.5,3160,79.4
高鐵特區,113S3,2024-08-04,RPVNMLLLQHJGFBJ98CB,隘口三街、高鐵六路、高鐵六路,協勝大聚,B1棟2F號,新竹縣竹北市隘口三街、高鐵六路、高鐵六路99巷,二層/15,47.5,3005,75.6
高鐵特區,113S3,2024-08-04,RPWNMLLLQHJGFBJ09CB,隘口三街、高鐵六路、高鐵六路,協勝大聚,B1棟3F號,新竹縣竹北市隘口三街、高鐵六路、高鐵六路99巷,三層/15,58.1,3298,77.2
高鐵特區,113S3,2024-08-04,RPXNMLLLQHJGFBJ56CB,隘口三街、高鐵六路、高鐵六路,協勝大聚,B1棟9F號,新竹縣竹北市隘口三街、高鐵六路、高鐵六路99巷,九層/15,47.5,3118,78.3
高鐵特區,113S3,2024-08-04,RPOOMLLLQHJGFBJ38CB,隘口三街、高鐵六路、高鐵六路,協勝大聚,B1棟10F號,新竹縣竹北市隘口三街、高鐵六路、高鐵六路99巷,十層/15,47.5,3113,78.5
高鐵特區,113S3,2024-08-04,RPPOMLLLQHJGFBJ48CB,隘口三街、高鐵六路、高鐵六路,協勝大聚,B1棟13F號,新竹縣竹北市隘口三街、高鐵六路、高鐵六路99巷,十三層/15,47.5,3145,79.4
高鐵特區,113S3,2024-08-04,RPQOMLLLQHJGFBJ58CB,隘口三街、高鐵六路、高鐵六路,協勝大聚,B1棟15F號,新竹縣竹北市隘口三街、高鐵六路、高鐵六路99巷,十五層/15,47.5,3081,77.7
高鐵特區,113S3,2024-08-04,RPROMLLLQHJGFBJ68CB,隘口三街、高鐵六路、高鐵六路,協勝大聚,B2棟2F號,新竹縣竹北市隘口三街、高鐵六路、高鐵六路99巷,二層/15,57.1,3615,72.9
高鐵特區,113S3,2024-08-04,RPSOMLLLQHJGFBJ78CB,隘口三街、高鐵六路、高鐵六路,協勝大聚,B2棟3F號,新竹縣竹北市隘口三街、高鐵六路、高鐵六路99巷,三層/15,57.1,3670,74.3
高鐵特區,113S3,2024-08-04,RPTOMLLLQHJGFBJ88CB,隘口三街、高鐵六路、高鐵六路,協勝大聚,B2棟4F號,新竹縣竹北市隘口三街、高鐵六路、高鐵六路99巷,四層/15,57.1,3598,73.7
高鐵特區,113S3,2024-08-04,RPUOMLLLQHJGFBJ98CB,隘口三街、高鐵六路、高鐵六路,協勝大聚,B2棟7F號,新竹縣竹北市隘口三街、高鐵六路、高鐵六路99巷,七層/15,57.1,3727,75.3
高鐵特區,113S3,2024-08-04,RPVOMLLLQHJGFBJ09CB,隘口三街、高鐵六路、高鐵六路,協勝大聚,B2棟9F號,新竹縣竹北市隘口三街、高鐵六路、高鐵六路99巷,九層/15,57.1,3755,75.9
高鐵特區,113S3,2024-08-04,RPWOMLLLQHJGFBJ56CB,隘口三街、高鐵六路、高鐵六路,協勝大聚,B2棟10F號,新竹縣竹北市隘口三街、高鐵六路、高鐵六路99巷,十層/15,67.7,3895,75.9
高鐵特區,113S3,2024-08-04,RPOPMLLLQHJGFBJ48CB,隘口三街、高鐵六路、高鐵六路,協勝大聚,C1棟7F號,新竹縣竹北市隘口三街、高鐵六路、高鐵六路99巷,七層/15,40.9,2726,82.7
高鐵特區,113S3,2024-08-04,RPPPMLLLQHJGFBJ58CB,隘口三街、高鐵六路、高鐵六路,協勝大聚,C1棟9F號,新竹縣竹北市隘口三街、高鐵六路、高鐵六路99巷,九層/15,40.9,2703,82.1
高鐵特區,113S3,2024-08-04,RPQPMLLLQHJGFBJ68CB,隘口三街、高鐵六路、高鐵六路,協勝大聚,C1棟11F號,新竹縣竹北市隘口三街、高鐵六路、高鐵六路99巷,十一層/15,40.9,2727,82.9
高鐵特區,113S3,2024-08-04,RPRPMLLLQHJGFBJ78CB,隘口三街、高鐵六路、高鐵六路,協勝大聚,C5棟8F號,新竹縣竹北市隘口三街、高鐵六路、高鐵六路99巷,八層/15,40.8,2690,81.9
高鐵特區,113S4,2024-08-11,RPWNMLRLQHJGFBJ07CB,隘口三街、高鐵六路、高鐵六路,協勝大聚,A1棟2F號,新竹縣竹北市隘口三街、高鐵六路、高鐵六路99巷,二層/15,57.0,3639,73.8
高鐵特區,113S4,2024-08-11,RPXNMLRLQHJGFBJ17CB,隘口三街、高鐵六路、高鐵六路,協勝大聚,A1棟4F號,新竹縣竹北市隘口三街、高鐵六路、高鐵六路99巷,四層/15,57.0,3676,74.6
高鐵特區,113S4,2024-08-11,RPOOMLRLQHJGFBJ98CB,隘口三街、高鐵六路、高鐵六路,協勝大聚,A1棟5F號,新竹縣竹北市隘口三街、高鐵六路、高鐵六路99巷,五層/15,56.7,3718,75.4
高鐵特區,113S4,2024-08-11,RPPOMLRLQHJGFBJ09CB,隘口三街、高鐵六路、高鐵六路,協勝大聚,A2棟12F號,新竹縣竹北市隘口三街、高鐵六路、高鐵六路99巷,十二層/15,47.5,3140,79.3
高鐵特區,113S4,2024-08-11,RPSOMLRLQHJGFBJ76CB,隘口三街、高鐵六路、高鐵六路,協勝大聚,A2棟14F號,新竹縣竹北市隘口三街、高鐵六路、高鐵六路99巷,十四層/15,47.5,3153,79.6
高鐵特區,113S4,2024-08-11,RPTOMLRLQHJGFBJ86CB,隘口三街、高鐵六路、高鐵六路,協勝大聚,B1棟11F號,新竹縣竹北市隘口三街、高鐵六路、高鐵六路99巷,十一層/15,47.5,3131,79.0
高鐵特區,113S4,2024-08-11,RPUOMLRLQHJGFBJ96CB,隘口三街、高鐵六路、高鐵六路,協勝大聚,B1棟12F號,新竹縣竹北市隘口三街、高鐵六路、高鐵六路99巷,十二層/15,47.5,3140,79.3
高鐵特區,113S4,2024-08-11,RPVOMLRLQHJGFBJ07CB,隘口三街、高鐵六路、高鐵六路,協勝大聚,B1棟14F號,新竹縣竹北市隘口三街、高鐵六路、高鐵六路99巷,十四層/15,47.5,3113,79.6
高鐵特區,113S4,2024-08-11,RPWOMLRLQHJGFBJ17CB,隘口三街、高鐵六路、高鐵六路,協勝大聚,B2棟5F號,新竹縣竹北市隘口三街、高鐵六路、高鐵六路99巷,五層/15,67.7,3920,75.4
高鐵特區,113S4,2024-08-11,RPXOMLRLQHJGFBJ27CB,隘口三街、高鐵六路、高鐵六路,協勝大聚,B2棟11F號,新竹縣竹北市隘口三街、高鐵六路、高鐵六路99巷,十一層/15,57.1,3741,76.4
高鐵特區,113S4,2024-08-11,RPPPMLRLQHJGFBJ56CB,隘口三街、高鐵六路、高鐵六路,協勝大聚,C1棟14F號,新竹縣竹北市隘口三街、高鐵六路、高鐵六路99巷,十四層/15,40.9,2709,83.3
高鐵特區,113S4,2024-08-11,RPQPMLRLQHJGFBJ66CB,隘口三街、高鐵六路、高鐵六路,協勝大聚,C2棟3F號,新竹縣竹北市隘口三街、高鐵六路、高鐵六路99巷,三層/15,40.9,2663,81.8
高鐵特區,113S4,2024-08-11,RPRPMLRLQHJGFBJ76CB,隘口三街、高鐵六路、高鐵六路,協勝大聚,C3棟3F號,新竹縣竹北市隘口三街、高鐵六路、高鐵六路99巷,三層/15,40.9,2698,81.8
高鐵特區,113S4,2024-08-11,RPSPMLRLQHJGFBJ86CB,隘口三街、高鐵六路、高鐵六路,協勝大聚,C3棟4F號,新竹縣竹北市隘口三街、高鐵六路、高鐵六路99巷,四層/15,40.9,2700,81.5
高鐵特區,113S4,2024-08-11,RPTPMLRLQHJGFBJ96CB,隘口三街、高鐵六路、高鐵六路,協勝大聚,C3棟5F號,新竹縣竹北市隘口三街、高鐵六路、高鐵六路99巷,五層/15,40.9,2698,81.5
高鐵特區,113S4,2024-08-11,RPUPMLRLQHJGFBJ07CB,隘口三街、高鐵六路、高鐵六路,協勝大聚,C3棟11F號,新竹縣竹北市隘口三街、高鐵六路、高鐵六路99巷,十一層/15,40.9,2680,82.3
高鐵特區,113S4,2024-08-11,RPVPMLRLQHJGFBJ17CB,隘口三街、高鐵六路、高鐵六路,協勝大聚,C3棟15F號,新竹縣竹北市隘口三街、高鐵六路、高鐵六路99巷,十五層/15,40.9,2713,82.8
高鐵特區,113S4,2024-08-11,RPWPMLRLQHJGFBJ27CB,隘口三街、高鐵六路、高鐵六路,協勝大聚,C5棟3F號,新竹縣竹北市隘口三街、高鐵六路、高鐵六路99巷,三層/15,40.8,2668,81.5
高鐵特區,113S4,2024-08-11,RPXPMLRLQHJGFBJ37CB,隘口三街、高鐵六路、高鐵六路,協勝大聚,C5棟5F號,新竹縣竹北市隘口三街、高鐵六路、高鐵六路99巷,五層/15,40.8,2673,81.7
高鐵特區,113S4,2024-08-11,RPOQMLRLQHJGFBJ56CB,隘口三街、高鐵六路、高鐵六路,協勝大聚,C5棟6F號,新竹縣竹北市隘口三街、高鐵六路、高鐵六路99巷,六層/15,40.5,2695,82.4
高鐵特區,113S4,2024-08-16,RPPNMLTKQHJGFBJ09CB,隘口七街,珀伽索斯,B棟2號,新竹縣竹北市隘口七街,二層/7,43.8,2990,71.7
高鐵特區,113S4,2024-08-18,RPSNMLOJRHJGFBJ88CB,隘口三街、高鐵六路、高鐵六路,協勝大聚,A2棟11F號,新竹縣竹北市隘口三街、高鐵六路、高鐵六路99巷,十一層/15,58.1,3341,80.1
高鐵特區,113S4,2024-08-18,RPTNMLOJRHJGFBJ98CB,隘口三街、高鐵六路、高鐵六路,協勝大聚,C1棟2F號,新竹縣竹北市隘口三街、高鐵六路、高鐵六路99巷,二層/15,40.9,2675,81.5
高鐵特區,113S4,2024-08-18,RPUNMLOJRHJGFBJ09CB,隘口三街、高鐵六路、高鐵六路,協勝大聚,C1棟3F號,新竹縣竹北市隘口三街、高鐵六路、高鐵六路99巷,三層/15,40.9,2703,82.4
高鐵特區,113S4,2024-08-18,RPVNMLOJRHJGFBJ56CB,隘口三街、高鐵六路、高鐵六路,協勝大聚,C2棟2F號,新竹縣竹北市隘口三街、高鐵六路、高鐵六路99巷,二層/15,40.9,2678,81.1
高鐵特區,113S4,2024-08-18,RPWNMLOJRHJGFBJ66CB,隘口三街、高鐵六路、高鐵六路,協勝大聚,C2棟4F號,新竹縣竹北市隘口三街、高鐵六路、高鐵六路99巷,四層/15,40.9,2665,82.2
高鐵特區,113S4,2024-08-18,RPXNMLOJRHJGFBJ76CB,隘口三街、高鐵六路、高鐵六路,協勝大聚,C2棟6F號,新竹縣竹北市隘口三街、高鐵六路、高鐵六路99巷,六層/15,40.9,2715,82.8
高鐵特區,113S4,2024-08-18,RPOOMLOJRHJGFBJ58CB,隘口三街、高鐵六路、高鐵六路,協勝大聚,C2棟15F號,新竹縣竹北市隘口三街、高鐵六路、高鐵六路99巷,十五層/15,40.9,2746,83.9
高鐵特區,113S4,2024-08-18,RPPOMLOJRHJGFBJ68CB,隘口三街、高鐵六路、高鐵六路,協勝大聚,C3棟2F號,新竹縣竹北市隘口三街、高鐵六路、高鐵六路99巷,二層/15,40.9,2657,80.9
高鐵特區,113S4,2024-08-18,RPQOMLOJRHJGFBJ78CB,隘口三街、高鐵六路、高鐵六路,協勝大聚,C3棟6F號,新竹縣竹北市隘口三街、高鐵六路、高鐵六路99巷,六層/15,40.9,2718,82.4
高鐵特區,113S4,2024-08-18,RPROMLOJRHJGFBJ88CB,隘口三街、高鐵六路、高鐵六路,協勝大聚,C3棟7F號,新竹縣竹北市隘口三街、高鐵六路、高鐵六路99巷,七層/15,40.9,2703,83.1
高鐵特區,113S4,2024-08-18,RPSOMLOJRHJGFBJ98CB,隘口三街、高鐵六路、高鐵六路,協勝大聚,C3棟8F號,新竹縣竹北市隘口三街、高鐵六路、高鐵六路99巷,八層/15,40.9,2768,83.8
高鐵特區,113S4,2024-08-18,RPTOMLOJRHJGFBJ09CB,隘口三街、高鐵六路、高鐵六路,協勝大聚,C3棟9F號,新竹縣竹北市隘口三街、高鐵六路、高鐵六路99巷,九層/15,40.9,2733,83.4
高鐵特區,113S4,2024-08-18,RPUOMLOJRHJGFBJ56CB,隘口三街、高鐵六路、高鐵六路,協勝大聚,C3棟12F號,新竹縣竹北市隘口三街、高鐵六路、高鐵六路99巷,十二層/15,40.9,2715,83.8
高鐵特區,113S4,2024-08-18,RPVOMLOJRHJGFBJ66CB,隘口三街、高鐵六路、高鐵六路,協勝大聚,C3棟13F號,新竹縣竹北市隘口三街、高鐵六路、高鐵六路99巷,十三層/15,40.9,2766,84.0
高鐵特區,113S4,2024-08-18,RPWOMLOJRHJGFBJ76CB,隘口三街、高鐵六路、高鐵六路,協勝大聚,C3棟14F號,新竹縣竹北市隘口三街、高鐵六路、高鐵六路99巷,十四層/15,40.9,2761,84.4
高鐵特區,113S4,2024-08-18,RPXOMLOJRHJGFBJ86CB,隘口三街、高鐵六路、高鐵六路,協勝大聚,C5棟2F號,新竹縣竹北市隘口三街、高鐵六路、高鐵六路99巷,二層/15,40.8,2615,80.8
高鐵特區,113S4,2024-08-18,RPOPMLOJRHJGFBJ68CB,隘口三街、高鐵六路、高鐵六路,協勝大聚,C5棟7F號,新竹縣竹北市隘口三街、高鐵六路、高鐵六路99巷,七層/15,40.8,2713,83.7
高鐵特區,113S4,2024-08-18,RPPPMLOJRHJGFBJ78CB,隘口三街、高鐵六路、高鐵六路,協勝大聚,C5棟9F號,新竹縣竹北市隘口三街、高鐵六路、高鐵六路99巷,九層/15,40.8,2741,83.9
高鐵特區,113S4,2024-08-18,RPQPMLOJRHJGFBJ88CB,隘口三街、高鐵六路、高鐵六路,協勝大聚,C5棟11F號,新竹縣竹北市隘口三街、高鐵六路、高鐵六路99巷,十一層/15,40.8,2758,83.7
高鐵特區,113S4,2024-08-18,RPRPMLOJRHJGFBJ98CB,隘口三街、高鐵六路、高鐵六路,協勝大聚,C5棟13F號,新竹縣竹北市隘口三街、高鐵六路、高鐵六路99巷,十三層/15,40.5,2755,84.6
高鐵特區,113S4,2024-08-20,RPPNMLMLQHJGFBJ48CB,六家五路一段,庫勒修,B棟5號,新竹縣竹北市六家五路一段,五層/11,46.2,3369,81.5
高鐵特區,113S4,2024-08-25,RPTNMLLKRHJGFBJ78CB,隘口三街、高鐵六路、高鐵六路,協勝大聚,C1棟4F號,新竹縣竹北市隘口三街、高鐵六路、高鐵六路99巷,四層/15,40.9,2720,83.0
高鐵特區,113S4,2024-08-25,RPUNMLLKRHJGFBJ88CB,隘口三街、高鐵六路、高鐵六路,協勝大聚,C1棟6F號,新竹縣竹北市隘口三街、高鐵六路、高鐵六路99巷,六層/15,40.9,2748,83.9
高鐵特區,113S4,2024-08-25,RPVNMLLKRHJGFBJ98CB,隘口三街、高鐵六路、高鐵六路,協勝大聚,C1棟12F號,新竹縣竹北市隘口三街、高鐵六路、高鐵六路99巷,十二層/15,40.9,2790,84.8
高鐵特區,113S4,2024-08-25,RPWNMLLKRHJGFBJ09CB,隘口三街、高鐵六路、高鐵六路,協勝大聚,C1棟13F號,新竹縣竹北市隘口三街、高鐵六路、高鐵六路99巷,十三層/15,40.9,2815,85.8
高鐵特區,113S4,2024-08-25,RPXNMLLKRHJGFBJ56CB,隘口三街、高鐵六路、高鐵六路,協勝大聚,C2棟5F號,新竹縣竹北市隘口三街、高鐵六路、高鐵六路99巷,五層/15,40.9,2737,83.2
高鐵特區,113S4,2024-08-25,RPOOMLLKRHJGFBJ38CB,隘口三街、高鐵六路、高鐵六路,協勝大聚,C2棟7F號,新竹縣竹北市隘口三街、高鐵六路、高鐵六路99巷,七層/15,40.9,2782,84.6
高鐵特區,113S4,2024-08-25,RPPOMLLKRHJGFBJ48CB,隘口三街、高鐵六路、高鐵六路,協勝大聚,C2棟8F號,新竹縣竹北市隘口三街、高鐵六路、高鐵六路99巷,八層/15,40.9,2788,84.8
高鐵特區,113S4,2024-08-25,RPQOMLLKRHJGFBJ58CB,隘口三街、高鐵六路、高鐵六路,協勝大聚,C2棟9F號,新竹縣竹北市隘口三街、高鐵六路、高鐵六路99巷,九層/15,40.9,2798,85.1
高鐵特區,113S4,2024-08-25,RPROMLLKRHJGFBJ68CB,隘口三街、高鐵六路、高鐵六路,協勝大聚,C2棟11F號,新竹縣竹北市隘口三街、高鐵六路、高鐵六路99巷,十一層/15,40.9,2781,84.7
高鐵特區,113S4,2024-08-25,RPSOMLLKRHJGFBJ78CB,隘口三街、高鐵六路、高鐵六路,協勝大聚,C2棟12F號,新竹縣竹北市隘口三街、高鐵六路、高鐵六路99巷,十二層/15,40.6,2776,86.0
高鐵特區,113S4,2024-08-25,RPTOMLLKRHJGFBJ88CB,隘口三街、高鐵六路、高鐵六路,協勝大聚,C2棟13F號,新竹縣竹北市隘口三街、高鐵六路、高鐵六路99巷,十三層/15,40.9,2780,85.5
高鐵特區,113S4,2024-08-25,RPUOMLLKRHJGFBJ98CB,隘口三街、高鐵六路、高鐵六路,協勝大聚,C3棟10F號,新竹縣竹北市隘口三街、高鐵六路、高鐵六路99巷,十層/15,40.9,2775,84.7
高鐵特區,113S4,2024-08-25,RPVOMLLKRHJGFBJ09CB,隘口三街、高鐵六路、高鐵六路,協勝大聚,C5棟4F號,新竹縣竹北市隘口三街、高鐵六路、高鐵六路99巷,四層/15,40.8,2675,81.4
高鐵特區,113S4,2024-08-25,RPWOMLLKRHJGFBJ56CB,隘口三街、高鐵六路、高鐵六路,協勝大聚,C5棟10F號,新竹縣竹北市隘口三街、高鐵六路、高鐵六路99巷,十層/15,40.8,2746,84.6
高鐵特區,113S4,2024-08-25,RPXOMLLKRHJGFBJ66CB,隘口三街、高鐵六路、高鐵六路,協勝大聚,C5棟12F號,新竹縣竹北市隘口三街、高鐵六路、高鐵六路99巷,十二層/15,40.8,2760,84.6
高鐵特區,113S4,2024-09-01,RPUNMLKLRHJGFBJ88CB,隘口三街、高鐵六路、高鐵六路,協勝大聚,C2棟14F號,新竹縣竹北市隘口三街、高鐵六路、高鐵六路99巷,十四層/15,40.9,2816,86.0
高鐵特區,113S4,2024-09-12,RPTNMLKLRHJGFBJ78CB,光明六路東二段,學好,B棟13號,新竹縣竹北市光明六路東二段,十三層/14,69.2,4601,87.4
高鐵特區,113S4,2024-09-13,RPUOMLTKRHJGFBJ17CB,光明六路東二段,學好,A棟14號,新竹縣竹北市光明六路東二段,十四層/14,70.4,4706,87.4
高鐵特區,113S4,2024-09-13,RPPNMLKLRHJGFBJ38CB,光明六路東二段,學好,B棟10號,新竹縣竹北市光明六路東二段,十層/14,69.2,4539,86.5
高鐵特區,113S4,2024-09-14,RPVNMLSKRHJGFBJ07CB,光明六路東二段,學好,A棟6號,新竹縣竹北市光明六路東二段,六層/14,70.4,4573,85.0
高鐵特區,113S4,2024-09-14,RPPOMLTKRHJGFBJ66CB,光明六路東二段,學好,A棟10號,新竹縣竹北市光明六路東二段,十層/14,70.4,4610,86.2
高鐵特區,113S4,2024-09-14,RPSOMLTKRHJGFBJ96CB,光明六路東二段,學好,A棟13號,新竹縣竹北市光明六路東二段,十三層/14,71.4,4692,87.1
高鐵特區,113S4,2024-09-14,RPVOMLTKRHJGFBJ27CB,光明六路東二段,學好,B棟4號,新竹縣竹北市光明六路東二段,四層/14,70.2,4315,84.7
高鐵特區,113S4,2024-09-14,RPOOMLKLRHJGFBJ38CB,光明六路東二段,學好,C棟7號,新竹縣竹北市光明六路東二段,七層/14,53.5,3878,86.1
高鐵特區,113S4,2024-09-14,RPSOMLKLRHJGFBJ78CB,光明六路東二段,學好,D棟5號,新竹縣竹北市光明六路東二段,五層/14,55.2,3983,85.2
高鐵特區,113S4,2024-09-14,RPTOMLKLRHJGFBJ88CB,光明六路東二段,學好,D棟6號,新竹縣竹北市光明六路東二段,六層/14,55.2,4017,85.5
高鐵特區,113S4,2024-09-15,RPSNMLSKRHJGFBJ76CB,光明六路東二段,學好,A棟2號,新竹縣竹北市光明六路東二段,二層/14,71.4,4433,85.0
高鐵特區,113S4,2024-09-15,RPUNMLSKRHJGFBJ96CB,光明六路東二段,學好,A棟7號,新竹縣竹北市光明六路東二段,七層/14,70.4,4588,85.3
高鐵特區,113S4,2024-09-15,RPQNMLKLRHJGFBJ48CB,光明六路東二段,學好,B棟12號,新竹縣竹北市光明六路東二段,十二層/14,69.2,4567,87.1
高鐵特區,113S4,2024-09-15,RPSNMLKLRHJGFBJ68CB,光明六路東二段,學好,C棟5號,新竹縣竹北市光明六路東二段,五層/14,53.5,3852,85.5
高鐵特區,113S4,2024-09-15,RPWNMLKLRHJGFBJ09CB,光明六路東二段,學好,C棟6號,新竹縣竹北市光明六路東二段,六層/14,53.5,3865,85.8
高鐵特區,113S4,2024-09-15,RPQOMLKLRHJGFBJ58CB,光明六路東二段,學好,C棟12號,新竹縣竹北市光明六路東二段,十二層/14,66.1,4078,87.6
高鐵特區,113S4,2024-09-15,RPUOMLKLRHJGFBJ98CB,光明六路東二段,學好,D棟8號,新竹縣竹北市光明六路東二段,八層/14,66.8,4158,86.1
高鐵特區,113S4,2024-09-15,RPQNMLNLRHJGFBJ78CB,光明六路東二段,學好,A棟9號,新竹縣竹北市光明六路東二段,九層/14,70.4,4461,85.9
高鐵特區,113S4,2024-09-16,RPOPMLTKRHJGFBJ66CB,光明六路東二段,學好,B棟9號,新竹縣竹北市光明六路東二段,九層/14,69.2,4525,86.2
高鐵特區,113S4,2024-09-16,RPPNMLNLRHJGFBJ68CB,六家一路二段與嘉政七街路,馥璽,B棟5F號,新竹縣竹北市六家一路二段與嘉政七街路口,五層/10,56.2,3810,85.0
高鐵特區,113S4,2024-09-16,RPRNMLNLRHJGFBJ88CB,六家一路二段與嘉政七街路,馥璽,C棟5F號,新竹縣竹北市六家一路二段與嘉政七街路口,五層/10,55.4,3736,85.0
高鐵特區,113S4,2024-09-16,RPSNMLNLRHJGFBJ98CB,六家一路二段與嘉政七街路,馥璽,B棟3F號,新竹縣竹北市六家一路二段與嘉政七街路口,三層/10,56.2,3600,80.4
高鐵特區,113S4,2024-09-16,RPTNMLNLRHJGFBJ09CB,六家一路二段與嘉政七街路,馥璽,C棟6F號,新竹縣竹北市六家一路二段與嘉政七街路口,六層/10,55.4,3837,87.4
高鐵特區,113S4,2024-09-17,RPROMLTKRHJGFBJ86CB,光明六路東二段,學好,A棟12號,新竹縣竹北市光明六路東二段,十二層/14,83.0,4658,86.8
高鐵特區,113S4,2024-09-18,RPXOMLTKRHJGFBJ47CB,光明六路東二段,學好,B棟6號,新竹縣竹北市光明六路東二段,六層/14,69.2,4483,85.3
高鐵特區,113S4,2024-09-18,RPPOMLPKIIJGFBJ08CB,高鐵五路,禾砌,3F-B1號,新竹縣竹北市高鐵五路78巷,三層/6,24.2,1750,72.2
高鐵特區,113S4,2024-09-18,RPQOMLPKIIJGFBJ18CB,高鐵五路,禾砌,4F-C1號,新竹縣竹北市高鐵五路78巷,四層/6,24.2,1770,73.1
高鐵特區,113S4,2024-09-19,RPROMLPKIIJGFBJ28CB,高鐵五路,禾砌,4F-C2號,新竹縣竹北市高鐵五路78巷,四層/6,24.2,1740,71.8
高鐵特區,113S4,2024-09-23,RPPNMLOLRHJGFBJ78CB,六家五路一段,庫勒修,A棟5號,新竹縣竹北市六家五路一段,五層/11,46.2,3407,82.5
高鐵特區,113S4,2024-09-23,RPQNMLOLRHJGFBJ88CB,六家五路一段,庫勒修,B棟4號,新竹縣竹北市六家五路一段,四層/11,46.2,3285,80.5
高鐵特區,113S4,2024-09-29,RPPNMLPKIIJGFBJ97CB,隘口三街、高鐵六路、高鐵六路,協勝大聚,S1棟1F號,新竹縣竹北市隘口三街、高鐵六路、高鐵六路99巷,一層/15,35.0,2765,79.0
高鐵特區,113S4,2024-09-29,RPQNMLPKIIJGFBJ08CB,隘口三街、高鐵六路、高鐵六路,協勝大聚,S2棟1F號,新竹縣竹北市隘口三街、高鐵六路、高鐵六路99巷,一層/15,17.1,1475,86.1
高鐵特區,113S4,2024-09-29,RPRNMLPKIIJGFBJ18CB,隘口三街、高鐵六路、高鐵六路,協勝大聚,S3棟1F號,新竹縣竹北市隘口三街、高鐵六路、高鐵六路99巷,一層/15,19.4,1650,85.1
高鐵特區,113S4,2024-09-29,RPSNMLPKIIJGFBJ28CB,隘口三街、高鐵六路、高鐵六路,協勝大聚,S5棟1F號,新竹縣竹北市隘口三街、高鐵六路、高鐵六路99巷,一層/15,19.4,1650,85.1
高鐵特區,113S4,2024-09-29,RPTNMLPKIIJGFBJ38CB,隘口三街、高鐵六路、高鐵六路,協勝大聚,S6棟1F號,新竹縣竹北市隘口三街、高鐵六路、高鐵六路99巷,一層/15,17.1,1475,86.1
高鐵特區,113S4,2024-09-29,RPUNMLPKIIJGFBJ48CB,隘口三街、高鐵六路、高鐵六路,協勝大聚,S7棟1F號,新竹縣竹北市隘口三街、高鐵六路、高鐵六路99巷,一層/15,31.7,2505,79.0
高鐵特區,113S4,2024-09-29,RPVNMLPKIIJGFBJ58CB,隘口三街、高鐵六路、高鐵六路,協勝大聚,S8棟1F號,新竹縣竹北市隘口三街、高鐵六路、高鐵六路99巷,一層/15,40.4,2580,79.9
高鐵特區,113S4,2024-09-29,RPXNMLPKIIJGFBJ78CB,隘口三街、高鐵六路、高鐵六路,協勝大聚,S9棟1F號,新竹縣竹北市隘口三街、高鐵六路、高鐵六路99巷,一層/15,44.1,2850,79.0
高鐵特區,113S4,2024-09-29,RPOOMLPKIIJGFBJ97CB,隘口三街、高鐵六路、高鐵六路,協勝大聚,S10棟1F號,新竹縣竹北市隘口三街、高鐵六路、高鐵六路99巷,一層/15,63.3,4340,78.5
高鐵特區,113S4,2024-09-29,RPSOMLPKIIJGFBJ38CB,隘口三街、高鐵六路、高鐵六路,協勝大聚,A2棟8F號,新竹縣竹北市隘口三街、高鐵六路、高鐵六路99巷,八層/15,47.5,2951,74.2
高鐵特區,113S4,2024-09-29,RPUOMLPKIIJGFBJ58CB,隘口三街、高鐵六路、高鐵六路,協勝大聚,C5棟14F號,新竹縣竹北市隘口三街、高鐵六路、高鐵六路99巷,十四層/15,40.8,2396,72.5
高鐵特區,113S4,2024-10-21,RPQNMLMKJIJGFBJ87CB,高鐵五路,禾砌,6F-E2號,新竹縣竹北市高鐵五路78巷,六層/6,24.2,1740,71.8
高鐵特區,113S4,2024-11-01,RPPNMLOJJIJGFBJ87CB,六家一路二段與嘉政七街路,馥璽,1S棟1F號,新竹縣竹北市六家一路二段與嘉政七街路口,一層/10,38.8,2688,101.4
高鐵特區,113S4,2024-11-01,RPQNMLOJJIJGFBJ97CB,六家一路二段與嘉政七街路,馥璽,2S棟1F號,新竹縣竹北市六家一路二段與嘉政七街路口,一層/10,38.0,2439,94.4
高鐵特區,114S1,2024-11-22,RPPNMLQJKIJGFBJ18CB,隘口二路,美邑初蘊,A-3號,新竹縣竹北市隘口二路,三層/10,35.5,2069,82.4
高鐵特區,114S1,2024-11-22,RPQNMLQJKIJGFBJ28CB,隘口二路,美邑初蘊,C-8號,新竹縣竹北市隘口二路,八層/10,40.1,2520,83.9
高鐵特區,114S1,2024-11-27,RPRNMLQJKIJGFBJ38CB,隘口二路,美邑初蘊,C-3號,新竹縣竹北市隘口二路,三層/10,40.1,2489,82.4
高鐵特區,114S1,2024-11-30,RPPNMLRJKIJGFBJ28CB,六家一路,浩瀚 豐邑之森,A棟10號,新竹縣竹北市六家一路,十層/17,64.1,3920,70.3
高鐵特區,114S1,2024-12-06,RPPNMLLKKIJGFBJ77CB,高鐵五路,禾砌,6F-E1號,新竹縣竹北市高鐵五路78巷,六層/6,24.2,1800,74.5
高鐵特區,114S1,2024-12-14,RPPNMLLLKIJGFBJ87CB,隘口二路,美邑初蘊,A-8號,新竹縣竹北市隘口二路,八層/10,35.5,2060,83.5
高鐵特區,114S1,2024-12-15,RPPNMLSLKIJGFBJ58CB,隘口二路,美邑初蘊,B-5號,新竹縣竹北市隘口二路,五層/10,40.2,2455,83.6
高鐵特區,114S1,2025-01-08,RPPOMLQKJHKGFBJ28CB,隘口二路,美邑初蘊,A-4號,新竹縣竹北市隘口二路,四層/10,35.5,2031,82.0
高鐵特區,114S1,2025-01-11,RPWOMLQKJHKGFBJ98CB,光明六路東二段,學好,D棟4號,新竹縣竹北市光明六路東二段,四層/14,55.2,3971,84.9
高鐵特區,114S1,2025-02-04,RPPNMLPJKHKGFBJ08CB,六家五路一段,庫勒修,A棟10號,新竹縣竹北市六家五路一段,十層/11,46.2,3779,88.9
高鐵特區,114S1,2025-02-09,RPPNMLLKKHKGFBJ77CB,高鐵五路,禾砌,3F-B2號,新竹縣竹北市高鐵五路78巷,三層/6,24.2,1910,79.5
高鐵特區,114S2,2025-02-19,RPPNMLKLKHKGFBJ77CB,莊敬段540地號,臻研悅築,S1棟0號,新竹縣竹北市莊敬段540地號,一層/10,50.5,2234,50.0
高鐵特區,114S2,2025-02-21,RPRNMLKLLHKGFBJ08CB,隘口二路,美邑初蘊,A-5號,新竹縣竹北市隘口二路,五層/10,35.5,2063,83.0
高鐵特區,114S2,2025-03-08,RPQNMLOKLHKGFBJ28CB,光明六路東二段,學好,A棟11號,新竹縣竹北市光明六路東二段,十一層/14,70.4,4513,87.0
高鐵特區,114S2,2025-03-27,RPQNMLRKMHKGFBJ68CB,嘉豐六路一段與復興二路交,富源豐岫,B棟13號,新竹縣竹北市嘉豐六路一段與復興二路交接口,十三層/18,75.2,5330,86.3
高鐵特區,114S2,2025-03-31,RPPNMLRKMHKGFBJ58CB,嘉豐六路一段與復興二路交,富源豐岫,A棟3號,新竹縣竹北市嘉豐六路一段與復興二路交接口,三層/18,85.6,5538,76.0
高鐵特區,114S2,2025-04-02,RPPNMLOKMHKGFBJ28CB,六家五路一段,庫勒修,B棟7號,新竹縣竹北市六家五路一段,七層/11,46.2,3439,83.3
高鐵特區,114S2,2025-04-12,RPPNMLSLMHKGFBJ78CB,隘口二路,美邑初蘊,1棟B-8號,新竹縣竹北市隘口二路,八層/10,40.2,2513,84.3
高鐵特區,114S2,2025-04-15,RPPNMLQLMHKGFBJ58CB,嘉豐六路一段與復興二路交,富源豐岫,A棟10號,新竹縣竹北市嘉豐六路一段與復興二路交接口,十層/18,85.6,6070,84.0
高鐵特區,114S3,2025-05-19,RPQNMLKLNHKGFBJ18CB,六家一路,浩瀚 豐邑之森,B棟12號,新竹縣竹北市六家一路,十二層/17,64.1,3975,71.2
高鐵特區,114S3,2025-06-14,RPPNMLNLOHKGFBJ48CB,隘口二路,美邑初蘊,C-7號,新竹縣竹北市隘口二路,七層/10,40.1,2452,83.3
高鐵特區,114S3,2025-06-25,RPPNMLSLOHKGFBJ98CB,六家一路,浩瀚 豐邑之森,D棟2號,新竹縣竹北市六家一路,二層/17,66.3,3800,76.2
高鐵特區,114S3,2025-07-30,RPPNMLPJQHKGFBJ68CB,六家五路一段,庫勒修,A棟3號,新竹縣竹北市六家五路一段,三層/11,46.2,3227,79.0
高鐵特區,114S4,2025-10-27,RPQNMLOLJIKGFBJ28CB,嘉豐七街,橙迎‧正,D戶-6F號,新竹縣竹北市嘉豐七街,六層/7,27.9,2287,83.0
高鐵特區,114S4,2025-10-28,RPPNMLOLJIKGFBJ18CB,嘉豐七街,橙迎‧正,A戶-5F號,新竹縣竹北市嘉豐七街,五層/7,27.8,2280,83.0
高鐵特區,114S4,2025-11-06,RPRNMLOLJIKGFBJ38CB,嘉豐七街,橙迎‧正,D戶-4F號,新竹縣竹北市嘉豐七街,四層/7,27.9,2357,85.3
高鐵特區,115S1,2025-11-18,RPSNMLOLJIKGFBJ48CB,嘉豐七街,橙迎‧正,A戶-6F號,新竹縣竹北市嘉豐七街,六層/7,27.8,2290,83.0
高鐵特區,115S1,2025-11-25,RPPNMLPLJIKGFBJ28CB,嘉豐七街,橙迎‧正,D戶-5F號,新竹縣竹北市嘉豐七街,五層/7,27.9,2377,86.1
高鐵特區,115S1,2025-12-20,RPPNMLQKJHLGFBJ28CB,隘口二路與高鐵六路交叉口,京和 Verde,A棟7號,新竹縣竹北市隘口二路與高鐵六路交叉口,七層/7,30.7,2500,84.6
高鐵特區,115S1,2025-12-29,RPRNMLKMKIKGFBJ18CB,六家一路,IKIGAI,B棟5號,新竹縣竹北市六家一路,五層/7,56.1,3595,74.1
高鐵特區,115S1,2026-01-07,RPRNMLQKJHLGFBJ48CB,隘口二路與高鐵六路交叉口,京和 Verde,B棟3號,新竹縣竹北市隘口二路與高鐵六路交叉口,三層/7,29.2,2320,78.9
高鐵特區,115S1,2026-01-08,RPQNMLQKJHLGFBJ38CB,隘口二路與高鐵六路交叉口,京和 Verde,A棟6號,新竹縣竹北市隘口二路與高鐵六路交叉口,六層/7,30.7,2538,86.0
高鐵特區,115S1,2026-01-12,RPPNMLQLJHLGFBJ38CB,嘉豐六路一段與復興二路交,富源豐岫,A棟2號,新竹縣竹北市嘉豐六路一段與復興二路交接口,二層/18,85.1,5420,74.8
高鐵特區,115S1,2026-02-02,RPQNMLLKKHLGFBJ97CB,高鐵五路,沐木居,6F號,新竹縣竹北市高鐵五路78巷,六層/6,33.2,2330,73.5
高鐵特區,115S2,2026-03-10,RPPNMLLKLHLGFBJ97CB,六家五路一段,庫勒修,A棟4號,新竹縣竹北市六家五路一段,四層/11,46.2,3310,81.2
高鐵特區,115S2,2026-04-12,RPPNMLNKMHLGFBJ28CB,光明六路東二段,學好,B棟7號,新竹縣竹北市光明六路東二段,七層/14,69.2,4537,86.0
高鐵特區,115S2,2026-04-15,RPQNMLKLMHLGFBJ18CB,嘉豐六路一段與復興二路交,富源豐岫,A棟11號,新竹縣竹北市嘉豐六路一段與復興二路交接口,十一層/18,85.6,6200,85.0
高鐵特區,115S2,2026-04-15,RPRNMLKLMHLGFBJ28CB,嘉豐六路一段與復興二路交,富源豐岫,A棟12號,新竹縣竹北市嘉豐六路一段與復興二路交接口,十二層/18,85.6,6270,86.1
高鐵特區,115S2,2026-04-18,RPTNMLMLMHLGFBJ68CB,光明六路東二段,學好,C棟13號,新竹縣竹北市光明六路東二段,十三層/14,53.5,3966,88.0
高鐵特區,115S2,2026-04-18,RPUNMLMLMHLGFBJ78CB,光明六路東二段,學好,D棟3號,新竹縣竹北市光明六路東二段,三層/14,55.2,3958,84.6
高鐵特區,115S2,2026-04-19,RPRNMLRKNHLGFBJ98CB,高鐵二路,日出宏道,C棟07F號,新竹縣竹北市高鐵二路,七層/9,44.2,3220,87.9
高鐵特區,115S2,2026-05-09,RPQNMLMKNHLGFBJ38CB,光明六路東二段,學好,C棟11號,新竹縣竹北市光明六路東二段,十一層/14,53.5,3950,87.3
高鐵特區,115S2,2026-05-09,RPQNMLNJOHLGFBJ48CB,高鐵二路,日出宏道,E棟08F號,新竹縣竹北市高鐵二路,八層/9,35.7,2432,86.3
高鐵特區,115S2,2026-05-09,RPSNMLNJOHLGFBJ68CB,高鐵二路,日出宏道,D棟07F號,新竹縣竹北市高鐵二路,七層/9,32.9,2296,86.0
高鐵特區,115S3,2026-05-11,RPPNMLMKNHLGFBJ28CB,光明六路東二段,學好,B棟14號,新竹縣竹北市光明六路東二段,十四層/14,80.8,4930,88.3
高鐵特區,115S3,2026-05-16,RPRNMLNJOHLGFBJ58CB,高鐵二路,日出宏道,D棟06F號,新竹縣竹北市高鐵二路,六層/9,34.6,2313,85.3
高鐵特區,115S3,2026-05-19,RPRNMLQLNHLGFBJ98CB,六家一路,IKIGAI,A棟6號,新竹縣竹北市六家一路,六層/7,47.0,3457,78.1
高鐵特區,115S3,2026-05-19,RPSNMLQLNHLGFBJ09CB,六家一路,IKIGAI,B棟6號,新竹縣竹北市六家一路,六層/7,47.7,3543,78.8
高鐵特區,115S3,2026-05-20,RPPNMLTLNHLGFBJ09CB,嘉豐六路一段與復興二路交,富源豐岫,A棟9號,新竹縣竹北市嘉豐六路一段與復興二路交接口,九層/18,85.6,6009,83.1
高鐵特區,115S3,2026-05-21,RPTNMLQLNHLGFBJ56CB,六家一路,IKIGAI,A棟5號,新竹縣竹北市六家一路,五層/7,47.7,3354,74.2
高鐵特區,115S3,2026-05-21,RPWNNLPJOHLGFBJ76CB,光明六路東一段、莊敬二街,時華,A7棟20F號,新竹縣竹北市光明六路東一段、莊敬二街交叉口,二十層/30,51.3,3894,86.8
高鐵特區,115S3,2026-05-22,RPPNMLNJOHLGFBJ38CB,高鐵二路,日出宏道,B棟08F號,新竹縣竹北市高鐵二路,八層/9,37.1,2588,87.2
高鐵特區,115S3,2026-05-22,RPTONLPJOHLGFBJ56CB,光明六路東一段、莊敬二街,時華,A2棟12F號,新竹縣竹北市光明六路東一段、莊敬二街交叉口,十二層/30,50.4,3887,89.6
高鐵特區,115S3,2026-05-22,RPSPNLPJOHLGFBJ56CB,光明六路東一段、莊敬二街,時華,A8棟13F號,新竹縣竹北市光明六路東一段、莊敬二街交叉口,十三層/30,50.8,3897,88.5
高鐵特區,115S3,2026-05-23,RPPWMLPJOHLGFBJ86CB,光明六路東一段、莊敬二街,時華,A7棟14F號,新竹縣竹北市光明六路東一段、莊敬二街交叉口,十四層/30,51.3,3992,89.9
高鐵特區,115S3,2026-05-23,RPXONLPJOHLGFBJ96CB,光明六路東一段、莊敬二街,時華,A2棟13F號,新竹縣竹北市光明六路東一段、莊敬二街交叉口,十三層/30,50.4,3881,89.9
高鐵特區,115S3,2026-05-23,RPTPNLPJOHLGFBJ66CB,光明六路東一段、莊敬二街,時華,A7棟13F號,新竹縣竹北市光明六路東一段、莊敬二街交叉口,十三層/30,51.3,3955,89.7
高鐵特區,115S3,2026-05-23,RPPRNLPJOHLGFBJ09CB,光明六路東一段、莊敬二街,時華,B7棟15F號,新竹縣竹北市光明六路東一段、莊敬二街交叉口,十五層/30,51.3,3992,89.9
高鐵特區,115S3,2026-05-23,RPVNMLLKOHLGFBJ88CB,光明六路東一段、莊敬二街,時華,A1棟12F號,新竹縣竹北市光明六路東一段、莊敬二街交叉口,十二層/30,50.5,3909,89.2
高鐵特區,115S3,2026-05-24,RPPOMLLKOHLGFBJ38CB,光明六路東一段、莊敬二街,時華,A8棟19F號,新竹縣竹北市光明六路東一段、莊敬二街交叉口,十九層/30,50.8,3960,89.8
高鐵特區,115S3,2026-05-25,RPQNMLQLNHLGFBJ88CB,光明六路東二段,學好,A棟08號,新竹縣竹北市光明六路東二段,八層/14,70.4,4647,86.1
高鐵特區,115S3,2026-05-25,RPWNMLLKOHLGFBJ98CB,光明六路東一段、莊敬二街,時華,A1棟13F號,新竹縣竹北市光明六路東一段、莊敬二街交叉口,十三層/30,50.5,3907,89.4
高鐵特區,115S3,2026-05-26,RPOWMLPJOHLGFBJ76CB,光明六路東一段、莊敬二街,時華,A8棟18F號,新竹縣竹北市光明六路東一段、莊敬二街交叉口,十八層/30,50.8,3981,89.6
高鐵特區,115S3,2026-05-29,RPVNMLSJOHLGFBJ86CB,光明六路東一段,御邸,G棟3號,新竹縣竹北市光明六路東一段276號旁,三層/24,59.6,3860,73.3
高鐵特區,115S3,2026-05-29,RPXNMLSJOHLGFBJ07CB,光明六路東一段,御邸,G棟4號,新竹縣竹北市光明六路東一段276號旁,四層/24,59.6,3801,71.7
高鐵特區,115S3,2026-05-29,RPVOMLSJOHLGFBJ96CB,光明六路東一段,御邸,G棟6號,新竹縣竹北市光明六路東一段276號旁,六層/24,59.6,3875,73.0
高鐵特區,115S3,2026-05-29,RPWOMLSJOHLGFBJ07CB,光明六路東一段,御邸,E棟14號,新竹縣竹北市光明六路東一段276號旁,十四層/24,47.7,3510,86.4
高鐵特區,115S3,2026-05-29,RPPPMLSJOHLGFBJ09CB,光明六路東一段,御邸,F棟3號,新竹縣竹北市光明六路東一段276號旁,三層/24,59.6,3960,75.5
高鐵特區,115S3,2026-05-30,RPPNMLMJOHLGFBJ28CB,光明六路東二段,學好,C棟08號,新竹縣竹北市光明六路東二段,八層/14,53.5,3891,86.4
高鐵特區,115S3,2026-05-30,RPTOMLSJOHLGFBJ76CB,光明六路東一段,御邸,G棟11號,新竹縣竹北市光明六路東一段276號旁,十一層/24,59.6,3993,76.2
高鐵特區,115S3,2026-05-30,RPOPMLSJOHLGFBJ98CB,光明六路東一段,御邸,G棟5號,新竹縣竹北市光明六路東一段276號旁,五層/24,59.6,3830,72.7
高鐵特區,115S3,2026-05-30,RPPNMLPKOHLGFBJ68CB,高鐵二路,日出宏道,A棟07F號,新竹縣竹北市高鐵二路,七層/9,45.1,3290,87.7
高鐵特區,115S3,2026-05-31,RPOPNLPJOHLGFBJ78CB,光明六路東一段、莊敬二街,時華,A8棟16F號,新竹縣竹北市光明六路東一段、莊敬二街交叉口,十六層/30,50.8,3925,89.2
高鐵特區,115S3,2026-05-31,RPPOMLSJOHLGFBJ98CB,光明六路東一段,御邸,H棟11號,新竹縣竹北市光明六路東一段276號旁,十一層/24,47.5,3085,76.6
高鐵特區,115S3,2026-05-31,RPXOMLSJOHLGFBJ17CB,光明六路東一段,御邸,G棟10號,新竹縣竹北市光明六路東一段276號旁,十層/24,59.6,3925,74.2
高鐵特區,115S3,2026-06-01,RPWNMLMJOHLGFBJ98CB,六家一路,IKIGAI,B棟4號,新竹縣竹北市六家一路,四層/7,47.7,3390,74.8
高鐵特區,115S3,2026-06-01,RPSOMLSJOHLGFBJ66CB,光明六路東一段,御邸,F棟9號,新竹縣竹北市光明六路東一段276號旁,九層/24,59.6,4344,82.7
高鐵特區,115S3,2026-06-01,RPRPMLSJOHLGFBJ66CB,光明六路東一段,御邸,H棟10號,新竹縣竹北市光明六路東一段276號旁,十層/24,47.5,3001,74.6
高鐵特區,115S3,2026-06-02,RPRVNLPJOHLGFBJ07CB,光明六路東一段、莊敬二街,時華,B7棟14F號,新竹縣竹北市光明六路東一段、莊敬二街交叉口,十四層/30,51.3,3988,89.8
高鐵特區,115S3,2026-06-02,RPUNMLSJOHLGFBJ76CB,光明六路東一段,御邸,E棟11號,新竹縣竹北市光明六路東一段276號旁,十一層/24,47.7,3379,84.2
高鐵特區,115S3,2026-06-02,RPWNMLSJOHLGFBJ96CB,光明六路東一段,御邸,G棟9號,新竹縣竹北市光明六路東一段276號旁,九層/24,59.6,3941,73.9
高鐵特區,115S3,2026-06-03,RPPSNLPJOHLGFBJ56CB,光明六路東一段、莊敬二街,時華,B7棟13F號,新竹縣竹北市光明六路東一段、莊敬二街交叉口,十三層/30,51.3,3978,89.6
高鐵特區,115S3,2026-06-03,RPOOMLSJOHLGFBJ88CB,光明六路東一段,御邸,E棟6號,新竹縣竹北市光明六路東一段276號旁,六層/24,47.7,3305,81.7
高鐵特區,115S3,2026-06-03,RPROMLSJOHLGFBJ56CB,光明六路東一段,御邸,E棟5號,新竹縣竹北市光明六路東一段276號旁,五層/24,47.7,3277,81.2
高鐵特區,115S3,2026-06-03,RPUOMLSJOHLGFBJ86CB,光明六路東一段,御邸,G棟14號,新竹縣竹北市光明六路東一段276號旁,十四層/24,59.6,4340,81.2
高鐵特區,115S3,2026-06-03,RPPNMLLLOHLGFBJ38CB,高鐵二路,日出宏道,A棟06F號,新竹縣竹北市高鐵二路,六層/9,46.3,3266,86.7
高鐵特區,115S3,2026-06-04,RPQNMLLLOHLGFBJ48CB,高鐵二路,日出宏道,D棟08F號,新竹縣竹北市高鐵二路,八層/9,34.6,2350,87.2
高鐵特區,115S3,2026-06-05,RPSOMLNLOHLGFBJ98CB,光明六路東一段,御邸,H棟13號,新竹縣竹北市光明六路東一段276號旁,十三層/24,47.5,3160,78.6
高鐵特區,115S3,2026-06-06,RPXNMLNLOHLGFBJ76CB,光明六路東一段,御邸,E棟8號,新竹縣竹北市光明六路東一段276號旁,八層/24,47.7,3383,82.7
高鐵特區,115S3,2026-06-07,RPUNMLNLOHLGFBJ09CB,光明六路東一段,御邸,E棟10號,新竹縣竹北市光明六路東一段276號旁,十層/24,47.7,3360,83.7
高鐵特區,115S3,2026-06-07,RPUOMLNLOHLGFBJ56CB,光明六路東一段,御邸,F棟4號,新竹縣竹北市光明六路東一段276號旁,四層/24,49.3,3877,78.7
高鐵特區,115S3,2026-06-08,RPRNMLLKOHLGFBJ48CB,光明六路東一段、莊敬二街,時華,A8棟20F號,新竹縣竹北市光明六路東一段、莊敬二街交叉口,二十層/30,50.8,3998,90.0
高鐵特區,115S3,2026-06-08,RPTNMLLKOHLGFBJ68CB,光明六路東一段、莊敬二街,時華,A3棟15F號,新竹縣竹北市光明六路東一段、莊敬二街交叉口,十五層/30,47.5,3522,86.7
高鐵特區,115S3,2026-06-08,RPPNMLTKOHLGFBJ09CB,嘉豐六路一段與復興二路交,富源豐岫,A棟8號,新竹縣竹北市嘉豐六路一段與復興二路交接口,八層/18,85.6,6018,82.3
高鐵特區,115S3,2026-06-09,RPOOMLNLOHLGFBJ58CB,光明六路東一段,御邸,G棟12號,新竹縣竹北市光明六路東一段276號旁,十二層/24,49.3,3803,77.2
高鐵特區,115S3,2026-06-12,RPRNMLLLOHLGFBJ58CB,高鐵二路,日出宏道,A棟03F號,新竹縣竹北市高鐵二路,三層/9,45.1,3240,85.3
高鐵特區,115S3,2026-06-12,RPQOMLNLOHLGFBJ78CB,光明六路東一段,御邸,E棟9號,新竹縣竹北市光明六路東一段276號旁,九層/24,47.7,3350,83.2
高鐵特區,115S3,2026-06-13,RPTNMLQKOHLGFBJ56CB,光明六路東一段、莊敬二街,時華,A8棟17F號,新竹縣竹北市光明六路東一段、莊敬二街交叉口,十七層/30,50.8,3959,89.5
高鐵特區,115S3,2026-06-13,RPTNMLRKOHLGFBJ66CB,隘口一街,鴻磬,E-10F號,新竹縣竹北市隘口一街,十層/12,67.3,4860,86.3
高鐵特區,115S3,2026-06-13,RPVNMLNLOHLGFBJ56CB,光明六路東一段,御邸,G棟8號,新竹縣竹北市光明六路東一段276號旁,八層/24,59.6,3906,73.6
高鐵特區,115S3,2026-06-13,RPROMLNLOHLGFBJ88CB,光明六路東一段,御邸,E棟13號,新竹縣竹北市光明六路東一段276號旁,十三層/24,47.7,3426,85.2
高鐵特區,115S3,2026-06-14,RPQNMLPKOHLGFBJ78CB,光明六路東二段,學好,A棟05號,新竹縣竹北市光明六路東二段,五層/14,70.4,4605,85.2
高鐵特區,115S3,2026-06-14,RPWNMLNLOHLGFBJ66CB,光明六路東一段,御邸,G棟7號,新竹縣竹北市光明六路東一段276號旁,七層/24,59.6,3891,73.3
高鐵特區,115S3,2026-06-14,RPPOMLNLOHLGFBJ68CB,光明六路東一段,御邸,G棟13號,新竹縣竹北市光明六路東一段276號旁,十三層/24,49.3,3853,78.2
高鐵特區,115S3,2026-06-14,RPTOMLNLOHLGFBJ09CB,光明六路東一段,御邸,H棟8號,新竹縣竹北市光明六路東一段276號旁,八層/24,47.5,2989,74.0
高鐵特區,115S3,2026-06-17,RPVOMLNLOHLGFBJ66CB,光明六路東一段,御邸,E棟12號,新竹縣竹北市光明六路東一段276號旁,十二層/24,47.7,3437,84.7
高鐵特區,115S3,2026-06-18,RPXOMLNLOHLGFBJ86CB,光明六路東一段,御邸,H棟12號,新竹縣竹北市光明六路東一段276號旁,十二層/24,47.5,3143,77.6
高鐵特區,115S3,2026-06-19,RPWOMLNLOHLGFBJ76CB,光明六路東一段,御邸,H棟3號,新竹縣竹北市光明六路東一段276號旁,三層/24,47.5,2897,71.8
高鐵特區,115S3,2026-06-24,RPQNMLMJPHLGFBJ48CB,光明六路東一段、莊敬二街,時華,B8棟15F號,新竹縣竹北市光明六路東一段、莊敬二街交叉口,十五層/30,60.4,3990,85.4
高鐵特區,115S3,2026-06-24,RPRNMLMJPHLGFBJ58CB,光明六路東一段、莊敬二街,時華,B8棟16F號,新竹縣竹北市光明六路東一段、莊敬二街交叉口,十六層/30,50.8,3776,85.6
高鐵特區,115S3,2026-06-26,RPQNMLLJPHLGFBJ38CB,六家一路,IKIGAI,A棟4號,新竹縣竹北市六家一路,四層/7,47.0,3386,76.3
高鐵特區,115S3,2026-06-27,RPSNMLTLOHLGFBJ86CB,光明六路東一段,御邸,H棟4號,新竹縣竹北市光明六路東一段276號旁,四層/24,47.2,2929,72.1
高鐵特區,115S3,2026-06-27,RPTNMLTLOHLGFBJ96CB,光明六路東一段,御邸,G棟2號,新竹縣竹北市光明六路東一段276號旁,二層/24,60.2,3843,70.8
高鐵特區,115S3,2026-06-28,RPRNMLTLOHLGFBJ76CB,光明六路東一段,御邸,F棟5號,新竹縣竹北市光明六路東一段276號旁,五層/24,49.3,3931,79.8
高鐵特區,115S3,2026-06-29,RPSNMLQJPHLGFBJ09CB,光明六路東一段,御邸,H棟7號,新竹縣竹北市光明六路東一段276號旁,七層/24,47.2,2968,73.7
高鐵特區,115S3,2026-06-29,RPSOMLRJPHLGFBJ66CB,光明六路東一段、莊敬二街,時華,A8棟14F號,新竹縣竹北市光明六路東一段、莊敬二街交叉口,十四層/30,50.8,3903,88.9
高鐵特區,115S3,2026-06-30,RPTNMLQJPHLGFBJ56CB,光明六路東一段,御邸,G棟15號,新竹縣竹北市光明六路東一段276號旁,十五層/24,59.6,4315,81.9
高鐵特區,115S3,2026-06-30,RPVNMLQJPHLGFBJ76CB,光明六路東一段,御邸,D棟3號,新竹縣竹北市光明六路東一段276號旁,三層/25,60.3,3981,73.5
高鐵特區,115S3,2026-06-30,RPPNMLPKPHLGFBJ78CB,高鐵二路,日出宏道,B棟03F號,新竹縣竹北市高鐵二路,三層/9,35.4,2505,85.3
高鐵特區,115S3,2026-07-01,RPRNMLQJPHLGFBJ98CB,光明六路東一段,御邸,E棟3號,新竹縣竹北市光明六路東一段276號旁,三層/24,47.4,3298,80.7
高鐵特區,115S3,2026-07-03,RPOOMLQJPHLGFBJ78CB,光明六路東一段,御邸,H棟9號,新竹縣竹北市光明六路東一段276號旁,九層/24,47.5,3010,74.3
高鐵特區,115S3,2026-07-03,RPPOMLQJPHLGFBJ88CB,光明六路東一段,御邸,D棟10號,新竹縣竹北市光明六路東一段276號旁,十層/25,49.9,3861,77.3
高鐵特區,115S3,2026-07-04,RPQOMLQJPHLGFBJ98CB,光明六路東一段,御邸,A棟6號,新竹縣竹北市光明六路東一段276號旁,六層/25,49.2,3939,80.0
高鐵特區,115S3,2026-07-04,RPQNMLRJPHLGFBJ98CB,光明六路東一段、莊敬二街,時華,B6棟7F號,新竹縣竹北市光明六路東一段、莊敬二街交叉口,七層/30,51.0,3950,89.6
高鐵特區,115S3,2026-07-04,RPQOMLRJPHLGFBJ09CB,光明六路東一段、莊敬二街,時華,A8棟11F號,新竹縣竹北市光明六路東一段、莊敬二街交叉口,十一層/30,50.6,3940,89.9
高鐵特區,115S3,2026-07-05,RPXNMLQJPHLGFBJ96CB,光明六路東一段,御邸,D棟7號,新竹縣竹北市光明六路東一段276號旁,七層/25,49.9,3816,76.4
高鐵特區,115S3,2026-07-06,RPVNMLOKPHLGFBJ66CB,光明六路東一段、莊敬二街,時華,A8棟8F號,新竹縣竹北市光明六路東一段、莊敬二街交叉口,八層/30,50.6,3916,89.3
高鐵特區,115S3,2026-07-07,RPQOMLOKPHLGFBJ88CB,光明六路東一段、莊敬二街,時華,B6棟8F號,新竹縣竹北市光明六路東一段、莊敬二街交叉口,八層/30,51.0,3969,89.8
高鐵特區,115S3,2026-07-08,RPSNMLOKPHLGFBJ98CB,光明六路東一段,御邸,E棟4號,新竹縣竹北市光明六路東一段276號旁,四層/24,47.7,3259,81.0
高鐵特區,115S3,2026-07-10,RPUNMLOKPHLGFBJ56CB,光明六路東一段,御邸,D棟5號,新竹縣竹北市光明六路東一段276號旁,五層/25,49.9,3786,75.8
高鐵特區,115S3,2026-07-10,RPPOMLOKPHLGFBJ78CB,光明六路東一段、莊敬二街,時華,A1棟5F號,新竹縣竹北市光明六路東一段、莊敬二街交叉口,五層/30,50.4,3792,87.2
高鐵特區,115S3,2026-07-12,RPPNMLOKPHLGFBJ68CB,光明六路東一段,御邸,D棟4號,新竹縣竹北市光明六路東一段276號旁,四層/25,49.9,3736,74.8
高鐵特區,115S3,2026-07-12,RPQNMLOKPHLGFBJ78CB,光明六路東一段,御邸,H棟15號,新竹縣竹北市光明六路東一段276號旁,十五層/24,47.5,3468,85.8
高鐵特區,115S3,2026-07-12,RPRNMLOKPHLGFBJ88CB,光明六路東一段,御邸,D棟6號,新竹縣竹北市光明六路東一段276號旁,六層/25,49.9,3801,76.1
高鐵特區,115S3,2026-07-12,RPTNMLOKPHLGFBJ09CB,光明六路東一段,御邸,H棟16號,新竹縣竹北市光明六路東一段276號旁,十六層/24,47.5,3483,87.0
高鐵特區,115S3,2026-07-13,RPTNMLLLPHLGFBJ88CB,光明六路東一段、莊敬二街,時華,A8棟15F號,新竹縣竹北市光明六路東一段、莊敬二街交叉口,十五層/30,50.8,3933,89.1
高鐵特區,115S3,2026-07-13,RPUNMLLLPHLGFBJ98CB,光明六路東二段,學好,C棟9號,新竹縣竹北市光明六路東二段,九層/14,53.5,3903,86.7
高鐵特區,115S3,2026-07-13,RPVNMLLLPHLGFBJ09CB,光明六路東二段,學好,Ｄ棟9號,新竹縣竹北市光明六路東二段,九層/14,66.8,4230,86.3
高鐵特區,115S3,2026-07-14,RPSNMLKLPHLGFBJ68CB,光明六路東一段,御邸,D棟9號,新竹縣竹北市光明六路東一段276號旁,九層/25,49.9,3846,77.0
高鐵特區,115S3,2026-07-15,RPRNMLKLPHLGFBJ58CB,光明六路東一段,御邸,A棟12號,新竹縣竹北市光明六路東一段276號旁,十二層/25,49.2,3998,81.2
高鐵特區,115S3,2026-07-17,RPVNMLKLPHLGFBJ98CB,光明六路東一段,御邸,A棟10號,新竹縣竹北市光明六路東一段276號旁,十層/25,49.2,3978,80.8
高鐵特區,115S3,2026-07-19,RPUNMLKLPHLGFBJ88CB,光明六路東一段,御邸,A棟11號,新竹縣竹北市光明六路東一段276號旁,十一層/25,49.2,3988,81.0
高鐵特區,115S3,2026-07-23,RPXNMLRLPHLGFBJ27CB,光明六路東一段,御邸,A棟8號,新竹縣竹北市光明六路東一段276號旁,八層/25,49.2,3958,80.4
高鐵特區,115S3,2026-07-24,RPWNMLRLPHLGFBJ17CB,光明六路東一段,御邸,A棟9號,新竹縣竹北市光明六路東一段276號旁,九層/25,49.2,3968,80.6
高鐵特區,115S3,2026-07-25,RPRNMLRLPHLGFBJ66CB,光明六路東一段,御邸,A棟7號,新竹縣竹北市光明六路東一段276號旁,七層/25,49.2,3948,80.2
高鐵特區,115S3,2026-07-25,RPSNMLRLPHLGFBJ76CB,光明六路東一段,御邸,D棟8號,新竹縣竹北市光明六路東一段276號旁,八層/25,49.9,3831,76.7
高鐵特區,115S3,2026-07-25,RPUNMLRLPHLGFBJ96CB,光明六路東一段,御邸,D棟2號,新竹縣竹北市光明六路東一段276號旁,二層/25,49.9,3696,74.0
高鐵特區,115S3,2026-07-25,RPVNMLRLPHLGFBJ07CB,光明六路東一段,御邸,A棟5號,新竹縣竹北市光明六路東一段276號旁,五層/25,49.2,3929,79.8
高鐵特區,115S3,2026-07-25,RPOOMLRLPHLGFBJ09CB,光明六路東一段,御邸,F棟6號,新竹縣竹北市光明六路東一段276號旁,六層/24,49.3,3990,81.0
高鐵特區,115S3,2026-07-25,RPRNMLSLPHLGFBJ76CB,光明六路東一段、莊敬二街,時華,A1棟7F號,新竹縣竹北市光明六路東一段、莊敬二街交叉口,七層/30,50.4,3808,87.6
高鐵特區,115S3,2026-07-25,RPQNMLLKQHLGFBJ58CB,高鐵二路,日出宏道,E棟07F號,新竹縣竹北市高鐵二路,七層/9,35.7,2390,85.2
高鐵特區,115S3,2026-07-26,RPTNMLRLPHLGFBJ86CB,光明六路東一段,御邸,C棟10號,新竹縣竹北市光明六路東一段276號旁,十層/25,47.8,3457,85.8
高鐵特區,115S3,2026-07-26,RPQNMLSLPHLGFBJ66CB,光明六路東一段、莊敬二街,時華,B8棟14F號,新竹縣竹北市光明六路東一段、莊敬二街交叉口,十四層/30,50.8,3946,89.9
高鐵特區,115S3,2026-07-28,RPRNMLOJQHLGFBJ88CB,光明六路東一段,御邸,D棟11號,新竹縣竹北市光明六路東一段276號旁,十一層/25,49.9,3960,79.3
高鐵特區,115S3,2026-07-30,RPQNMLOJQHLGFBJ78CB,光明六路東一段,御邸,A棟4號,新竹縣竹北市光明六路東一段276號旁,四層/25,49.2,3914,79.5
高鐵特區,115S3,2026-07-30,RPSNMLOJQHLGFBJ98CB,光明六路東一段,御邸,A棟3號,新竹縣竹北市光明六路東一段276號旁,三層/25,49.2,3899,79.2
高鐵特區,115S3,2026-08-01,RPTNMLOJQHLGFBJ09CB,光明六路東一段,御邸,A棟2號,新竹縣竹北市光明六路東一段276號旁,二層/25,49.8,3994,80.2
高鐵特區,115S3,2026-08-02,RPRNMLLKQHLGFBJ68CB,高鐵二路,日出宏道,A棟02F號,新竹縣竹北市高鐵二路,二層/9,46.3,3069,81.2
高鐵特區,115S3,2026-08-06,RPRQMLPLQHLGFBJ86CB,光明六路東一段、莊敬二街,時華,A6棟11F號,新竹縣竹北市光明六路東一段、莊敬二街交叉口,十一層/30,51.0,3962,89.6
高鐵特區,115S3,2026-08-06,RPQRMLPLQHLGFBJ86CB,光明六路東一段、莊敬二街,時華,B1棟7F號,新竹縣竹北市光明六路東一段、莊敬二街交叉口,七層/30,50.4,3819,88.6
高鐵特區,115S3,2026-08-08,RPRNMLMKQHLGFBJ78CB,光明六路東一段,御邸,F棟2號,新竹縣竹北市光明六路東一段276號旁,二層/24,49.3,3854,78.2
高鐵特區,115S3,2026-08-08,RPSNMLMKQHLGFBJ88CB,光明六路東一段,御邸,C棟9號,新竹縣竹北市光明六路東一段276號旁,九層/25,47.8,3456,85.5
高鐵特區,115S3,2026-08-10,RPQNMLRKQHLGFBJ56CB,光明六路東一段,御邸,H棟14號,新竹縣竹北市光明六路東一段276號旁,十四層/24,47.5,3299,82.6
高鐵特區,115S4,2026-08-12,RPVNMLRKQHLGFBJ07CB,光明六路東一段,御邸,C棟8號,新竹縣竹北市光明六路東一段276號旁,八層/25,47.8,3443,85.2
高鐵特區,115S4,2026-08-12,RPPRMLPLQHLGFBJ76CB,光明六路東一段、莊敬二街,時華,B6棟5F號,新竹縣竹北市光明六路東一段、莊敬二街交叉口,五層/30,51.0,3915,89.2
高鐵特區,115S4,2026-08-14,RPPNMLMLQHLGFBJ68CB,光明六路東一段,御邸,H棟18號,新竹縣竹北市光明六路東一段276號旁,十八層/24,47.5,3423,85.4
高鐵特區,115S4,2026-08-15,RPUNMLRKQHLGFBJ96CB,光明六路東一段,御邸,E棟2號,新竹縣竹北市光明六路東一段276號旁,二層/24,47.7,3339,81.6
高鐵特區,115S4,2026-08-15,RPUQMLPLQHLGFBJ17CB,光明六路東一段、莊敬二街,時華,B6棟6F號,新竹縣竹北市光明六路東一段、莊敬二街交叉口,六層/30,51.0,3942,89.4
高鐵特區,115S4,2026-08-16,RPSNMLRKQHLGFBJ76CB,光明六路東一段,御邸,C棟5號,新竹縣竹北市光明六路東一段276號旁,五層/25,47.8,3401,84.3
高鐵特區,115S4,2026-08-16,RPTNMLRKQHLGFBJ86CB,光明六路東一段,御邸,B棟6號,新竹縣竹北市光明六路東一段276號旁,六層/25,47.2,3407,85.5
高鐵特區,115S4,2026-08-16,RPPQMLPLQHLGFBJ66CB,光明六路東一段、莊敬二街,時華,A2棟7F號,新竹縣竹北市光明六路東一段、莊敬二街交叉口,七層/30,50.3,3881,89.6
高鐵特區,115S4,2026-08-19,RPVNMLLKRHLGFBJ56CB,光明六路東一段、莊敬二街,時華,B8棟13F號,新竹縣竹北市光明六路東一段、莊敬二街交叉口,十三層/30,50.8,3936,89.7
高鐵特區,115S4,2026-08-20,RPWNMLOLQHLGFBJ96CB,光明六路東一段,御邸,D棟12號,新竹縣竹北市光明六路東一段276號旁,十二層/25,49.9,3990,79.9
